{
  "Version": 1,
  "ManifestType": "Publish",
  "Endpoints": [
    {
      "Route": "assets/index-D91qdE65.6ojvk8ovct.js",
      "AssetFile": "assets/index-D91qdE65.js",
      "Selectors": [],
      "ResponseHeaders": [
        {
          "Name": "Accept-Ranges",
          "Value": "bytes"
        },
        {
          "Name": "Cache-Control",
          "Value": "max-age=31536000, immutable"
        },
        {
          "Name": "Content-Length",
          "Value": "766303"
        },
        {
          "Name": "Content-Type",
          "Value": "text/javascript"
        },
        {
          "Name": "ETag",
          "Value": "\"Vml/HxBrJQFLwQEpG1rD7np/H/MeHgNUU9uK4QiOM98=\""
        },
        {
          "Name": "Last-Modified",
          "Value": "Thu, 24 Apr 2025 04:46:14 GMT"
        }
      ],
      "EndpointProperties": [
        {
          "Name": "fingerprint",
          "Value": "6ojvk8ovct"
        },
        {
          "Name": "integrity",
          "Value": "sha256-Vml/HxBrJQFLwQEpG1rD7np/H/MeHgNUU9uK4QiOM98="
        },
        {
          "Name": "label",
          "Value": "assets/index-D91qdE65.js"
        }
      ]
    },
    {
      "Route": "assets/index-D91qdE65.js",
      "AssetFile": "assets/index-D91qdE65.js",
      "Selectors": [],
      "ResponseHeaders": [
        {
          "Name": "Accept-Ranges",
          "Value": "bytes"
        },
        {
          "Name": "Cache-Control",
          "Value": "no-cache"
        },
        {
          "Name": "Content-Length",
          "Value": "766303"
        },
        {
          "Name": "Content-Type",
          "Value": "text/javascript"
        },
        {
          "Name": "ETag",
          "Value": "\"Vml/HxBrJQFLwQEpG1rD7np/H/MeHgNUU9uK4QiOM98=\""
        },
        {
          "Name": "Last-Modified",
          "Value": "Thu, 24 Apr 2025 04:46:14 GMT"
        }
      ],
      "EndpointProperties": [
        {
          "Name": "integrity",
          "Value": "sha256-Vml/HxBrJQFLwQEpG1rD7np/H/MeHgNUU9uK4QiOM98="
        }
      ]
    },
    {
      "Route": "assets/index-LYLBqa3F.bieyp0k40m.css",
      "AssetFile": "assets/index-LYLBqa3F.css",
      "Selectors": [],
      "ResponseHeaders": [
        {
          "Name": "Accept-Ranges",
          "Value": "bytes"
        },
        {
          "Name": "Cache-Control",
          "Value": "max-age=31536000, immutable"
        },
        {
          "Name": "Content-Length",
          "Value": "41388"
        },
        {
          "Name": "Content-Type",
          "Value": "text/css"
        },
        {
          "Name": "ETag",
          "Value": "\"DYmYb92C2JGhVysXtWwRYbJkWXW9355MKZHMG7+m310=\""
        },
        {
          "Name": "Last-Modified",
          "Value": "Thu, 24 Apr 2025 04:46:14 GMT"
        }
      ],
      "EndpointProperties": [
        {
          "Name": "fingerprint",
          "Value": "bieyp0k40m"
        },
        {
          "Name": "integrity",
          "Value": "sha256-DYmYb92C2JGhVysXtWwRYbJkWXW9355MKZHMG7+m310="
        },
        {
          "Name": "label",
          "Value": "assets/index-LYLBqa3F.css"
        }
      ]
    },
    {
      "Route": "assets/index-LYLBqa3F.css",
      "AssetFile": "assets/index-LYLBqa3F.css",
      "Selectors": [],
      "ResponseHeaders": [
        {
          "Name": "Accept-Ranges",
          "Value": "bytes"
        },
        {
          "Name": "Cache-Control",
          "Value": "no-cache"
        },
        {
          "Name": "Content-Length",
          "Value": "41388"
        },
        {
          "Name": "Content-Type",
          "Value": "text/css"
        },
        {
          "Name": "ETag",
          "Value": "\"DYmYb92C2JGhVysXtWwRYbJkWXW9355MKZHMG7+m310=\""
        },
        {
          "Name": "Last-Modified",
          "Value": "Thu, 24 Apr 2025 04:46:14 GMT"
        }
      ],
      "EndpointProperties": [
        {
          "Name": "integrity",
          "Value": "sha256-DYmYb92C2JGhVysXtWwRYbJkWXW9355MKZHMG7+m310="
        }
      ]
    },
    {
      "Route": "favicon.ico",
      "AssetFile": "favicon.ico",
      "Selectors": [],
      "ResponseHeaders": [
        {
          "Name": "Accept-Ranges",
          "Value": "bytes"
        },
        {
          "Name": "Cache-Control",
          "Value": "max-age=3600, must-revalidate"
        },
        {
          "Name": "Content-Length",
          "Value": "15406"
        },
        {
          "Name": "Content-Type",
          "Value": "image/x-icon"
        },
        {
          "Name": "ETag",
          "Value": "\"D/9JCPkPrUgl6sP5ToMXuJRUAZBY7lVKId/5zG5XJXQ=\""
        },
        {
          "Name": "Last-Modified",
          "Value": "Thu, 24 Apr 2025 04:43:21 GMT"
        }
      ],
      "EndpointProperties": [
        {
          "Name": "integrity",
          "Value": "sha256-D/9JCPkPrUgl6sP5ToMXuJRUAZBY7lVKId/5zG5XJXQ="
        }
      ]
    },
    {
      "Route": "favicon.rhdry8ou9r.ico",
      "AssetFile": "favicon.ico",
      "Selectors": [],
      "ResponseHeaders": [
        {
          "Name": "Accept-Ranges",
          "Value": "bytes"
        },
        {
          "Name": "Cache-Control",
          "Value": "max-age=31536000, immutable"
        },
        {
          "Name": "Content-Length",
          "Value": "15406"
        },
        {
          "Name": "Content-Type",
          "Value": "image/x-icon"
        },
        {
          "Name": "ETag",
          "Value": "\"D/9JCPkPrUgl6sP5ToMXuJRUAZBY7lVKId/5zG5XJXQ=\""
        },
        {
          "Name": "Last-Modified",
          "Value": "Thu, 24 Apr 2025 04:43:21 GMT"
        }
      ],
      "EndpointProperties": [
        {
          "Name": "fingerprint",
          "Value": "rhdry8ou9r"
        },
        {
          "Name": "integrity",
          "Value": "sha256-D/9JCPkPrUgl6sP5ToMXuJRUAZBY7lVKId/5zG5XJXQ="
        },
        {
          "Name": "label",
          "Value": "favicon.ico"
        }
      ]
    },
    {
      "Route": "images/avatars/bigSmile-1.hb7mhv0kj1.svg",
      "AssetFile": "images/avatars/bigSmile-1.svg",
      "Selectors": [],
      "ResponseHeaders": [
        {
          "Name": "Accept-Ranges",
          "Value": "bytes"
        },
        {
          "Name": "Cache-Control",
          "Value": "max-age=31536000, immutable"
        },
        {
          "Name": "Content-Length",
          "Value": "7083"
        },
        {
          "Name": "Content-Type",
          "Value": "image/svg+xml"
        },
        {
          "Name": "ETag",
          "Value": "\"jVtBf5JXozkfUojIIGxfS6u/qoeZSCrb1rmMwlR4f98=\""
        },
        {
          "Name": "Last-Modified",
          "Value": "Tue, 12 Nov 2024 03:35:42 GMT"
        }
      ],
      "EndpointProperties": [
        {
          "Name": "fingerprint",
          "Value": "hb7mhv0kj1"
        },
        {
          "Name": "integrity",
          "Value": "sha256-jVtBf5JXozkfUojIIGxfS6u/qoeZSCrb1rmMwlR4f98="
        },
        {
          "Name": "label",
          "Value": "images/avatars/bigSmile-1.svg"
        }
      ]
    },
    {
      "Route": "images/avatars/bigSmile-1.svg",
      "AssetFile": "images/avatars/bigSmile-1.svg",
      "Selectors": [],
      "ResponseHeaders": [
        {
          "Name": "Accept-Ranges",
          "Value": "bytes"
        },
        {
          "Name": "Cache-Control",
          "Value": "max-age=3600, must-revalidate"
        },
        {
          "Name": "Content-Length",
          "Value": "7083"
        },
        {
          "Name": "Content-Type",
          "Value": "image/svg+xml"
        },
        {
          "Name": "ETag",
          "Value": "\"jVtBf5JXozkfUojIIGxfS6u/qoeZSCrb1rmMwlR4f98=\""
        },
        {
          "Name": "Last-Modified",
          "Value": "Tue, 12 Nov 2024 03:35:42 GMT"
        }
      ],
      "EndpointProperties": [
        {
          "Name": "integrity",
          "Value": "sha256-jVtBf5JXozkfUojIIGxfS6u/qoeZSCrb1rmMwlR4f98="
        }
      ]
    },
    {
      "Route": "images/avatars/bigSmile-10.9knto60l3g.svg",
      "AssetFile": "images/avatars/bigSmile-10.svg",
      "Selectors": [],
      "ResponseHeaders": [
        {
          "Name": "Accept-Ranges",
          "Value": "bytes"
        },
        {
          "Name": "Cache-Control",
          "Value": "max-age=31536000, immutable"
        },
        {
          "Name": "Content-Length",
          "Value": "5361"
        },
        {
          "Name": "Content-Type",
          "Value": "image/svg+xml"
        },
        {
          "Name": "ETag",
          "Value": "\"iUway81DI/QPKq2+QGESQdkWpCHYrXNVIRHVeK1I3As=\""
        },
        {
          "Name": "Last-Modified",
          "Value": "Tue, 12 Nov 2024 03:35:42 GMT"
        }
      ],
      "EndpointProperties": [
        {
          "Name": "fingerprint",
          "Value": "9knto60l3g"
        },
        {
          "Name": "integrity",
          "Value": "sha256-iUway81DI/QPKq2+QGESQdkWpCHYrXNVIRHVeK1I3As="
        },
        {
          "Name": "label",
          "Value": "images/avatars/bigSmile-10.svg"
        }
      ]
    },
    {
      "Route": "images/avatars/bigSmile-10.svg",
      "AssetFile": "images/avatars/bigSmile-10.svg",
      "Selectors": [],
      "ResponseHeaders": [
        {
          "Name": "Accept-Ranges",
          "Value": "bytes"
        },
        {
          "Name": "Cache-Control",
          "Value": "max-age=3600, must-revalidate"
        },
        {
          "Name": "Content-Length",
          "Value": "5361"
        },
        {
          "Name": "Content-Type",
          "Value": "image/svg+xml"
        },
        {
          "Name": "ETag",
          "Value": "\"iUway81DI/QPKq2+QGESQdkWpCHYrXNVIRHVeK1I3As=\""
        },
        {
          "Name": "Last-Modified",
          "Value": "Tue, 12 Nov 2024 03:35:42 GMT"
        }
      ],
      "EndpointProperties": [
        {
          "Name": "integrity",
          "Value": "sha256-iUway81DI/QPKq2+QGESQdkWpCHYrXNVIRHVeK1I3As="
        }
      ]
    },
    {
      "Route": "images/avatars/bigSmile-11.hiv33xpmgf.svg",
      "AssetFile": "images/avatars/bigSmile-11.svg",
      "Selectors": [],
      "ResponseHeaders": [
        {
          "Name": "Accept-Ranges",
          "Value": "bytes"
        },
        {
          "Name": "Cache-Control",
          "Value": "max-age=31536000, immutable"
        },
        {
          "Name": "Content-Length",
          "Value": "5847"
        },
        {
          "Name": "Content-Type",
          "Value": "image/svg+xml"
        },
        {
          "Name": "ETag",
          "Value": "\"tybjwgc20VvuRdpvM3XqQkgSTJ9yftCMt8UaERfd/Mk=\""
        },
        {
          "Name": "Last-Modified",
          "Value": "Tue, 12 Nov 2024 03:35:42 GMT"
        }
      ],
      "EndpointProperties": [
        {
          "Name": "fingerprint",
          "Value": "hiv33xpmgf"
        },
        {
          "Name": "integrity",
          "Value": "sha256-tybjwgc20VvuRdpvM3XqQkgSTJ9yftCMt8UaERfd/Mk="
        },
        {
          "Name": "label",
          "Value": "images/avatars/bigSmile-11.svg"
        }
      ]
    },
    {
      "Route": "images/avatars/bigSmile-11.svg",
      "AssetFile": "images/avatars/bigSmile-11.svg",
      "Selectors": [],
      "ResponseHeaders": [
        {
          "Name": "Accept-Ranges",
          "Value": "bytes"
        },
        {
          "Name": "Cache-Control",
          "Value": "max-age=3600, must-revalidate"
        },
        {
          "Name": "Content-Length",
          "Value": "5847"
        },
        {
          "Name": "Content-Type",
          "Value": "image/svg+xml"
        },
        {
          "Name": "ETag",
          "Value": "\"tybjwgc20VvuRdpvM3XqQkgSTJ9yftCMt8UaERfd/Mk=\""
        },
        {
          "Name": "Last-Modified",
          "Value": "Tue, 12 Nov 2024 03:35:42 GMT"
        }
      ],
      "EndpointProperties": [
        {
          "Name": "integrity",
          "Value": "sha256-tybjwgc20VvuRdpvM3XqQkgSTJ9yftCMt8UaERfd/Mk="
        }
      ]
    },
    {
      "Route": "images/avatars/bigSmile-12.qu57e2jtdl.svg",
      "AssetFile": "images/avatars/bigSmile-12.svg",
      "Selectors": [],
      "ResponseHeaders": [
        {
          "Name": "Accept-Ranges",
          "Value": "bytes"
        },
        {
          "Name": "Cache-Control",
          "Value": "max-age=31536000, immutable"
        },
        {
          "Name": "Content-Length",
          "Value": "5092"
        },
        {
          "Name": "Content-Type",
          "Value": "image/svg+xml"
        },
        {
          "Name": "ETag",
          "Value": "\"Yp+t6h4+v1QYltedUzR2g62/g4/82tByfGbbv4xPpA0=\""
        },
        {
          "Name": "Last-Modified",
          "Value": "Tue, 12 Nov 2024 03:35:42 GMT"
        }
      ],
      "EndpointProperties": [
        {
          "Name": "fingerprint",
          "Value": "qu57e2jtdl"
        },
        {
          "Name": "integrity",
          "Value": "sha256-Yp+t6h4+v1QYltedUzR2g62/g4/82tByfGbbv4xPpA0="
        },
        {
          "Name": "label",
          "Value": "images/avatars/bigSmile-12.svg"
        }
      ]
    },
    {
      "Route": "images/avatars/bigSmile-12.svg",
      "AssetFile": "images/avatars/bigSmile-12.svg",
      "Selectors": [],
      "ResponseHeaders": [
        {
          "Name": "Accept-Ranges",
          "Value": "bytes"
        },
        {
          "Name": "Cache-Control",
          "Value": "max-age=3600, must-revalidate"
        },
        {
          "Name": "Content-Length",
          "Value": "5092"
        },
        {
          "Name": "Content-Type",
          "Value": "image/svg+xml"
        },
        {
          "Name": "ETag",
          "Value": "\"Yp+t6h4+v1QYltedUzR2g62/g4/82tByfGbbv4xPpA0=\""
        },
        {
          "Name": "Last-Modified",
          "Value": "Tue, 12 Nov 2024 03:35:42 GMT"
        }
      ],
      "EndpointProperties": [
        {
          "Name": "integrity",
          "Value": "sha256-Yp+t6h4+v1QYltedUzR2g62/g4/82tByfGbbv4xPpA0="
        }
      ]
    },
    {
      "Route": "images/avatars/bigSmile-13.51g3n16dez.svg",
      "AssetFile": "images/avatars/bigSmile-13.svg",
      "Selectors": [],
      "ResponseHeaders": [
        {
          "Name": "Accept-Ranges",
          "Value": "bytes"
        },
        {
          "Name": "Cache-Control",
          "Value": "max-age=31536000, immutable"
        },
        {
          "Name": "Content-Length",
          "Value": "6418"
        },
        {
          "Name": "Content-Type",
          "Value": "image/svg+xml"
        },
        {
          "Name": "ETag",
          "Value": "\"6S7oohf0UDUnmNpRAFeCCuJsqC7Hm3zeh+/CIG5CK/A=\""
        },
        {
          "Name": "Last-Modified",
          "Value": "Tue, 12 Nov 2024 03:35:42 GMT"
        }
      ],
      "EndpointProperties": [
        {
          "Name": "fingerprint",
          "Value": "51g3n16dez"
        },
        {
          "Name": "integrity",
          "Value": "sha256-6S7oohf0UDUnmNpRAFeCCuJsqC7Hm3zeh+/CIG5CK/A="
        },
        {
          "Name": "label",
          "Value": "images/avatars/bigSmile-13.svg"
        }
      ]
    },
    {
      "Route": "images/avatars/bigSmile-13.svg",
      "AssetFile": "images/avatars/bigSmile-13.svg",
      "Selectors": [],
      "ResponseHeaders": [
        {
          "Name": "Accept-Ranges",
          "Value": "bytes"
        },
        {
          "Name": "Cache-Control",
          "Value": "max-age=3600, must-revalidate"
        },
        {
          "Name": "Content-Length",
          "Value": "6418"
        },
        {
          "Name": "Content-Type",
          "Value": "image/svg+xml"
        },
        {
          "Name": "ETag",
          "Value": "\"6S7oohf0UDUnmNpRAFeCCuJsqC7Hm3zeh+/CIG5CK/A=\""
        },
        {
          "Name": "Last-Modified",
          "Value": "Tue, 12 Nov 2024 03:35:42 GMT"
        }
      ],
      "EndpointProperties": [
        {
          "Name": "integrity",
          "Value": "sha256-6S7oohf0UDUnmNpRAFeCCuJsqC7Hm3zeh+/CIG5CK/A="
        }
      ]
    },
    {
      "Route": "images/avatars/bigSmile-14.svg",
      "AssetFile": "images/avatars/bigSmile-14.svg",
      "Selectors": [],
      "ResponseHeaders": [
        {
          "Name": "Accept-Ranges",
          "Value": "bytes"
        },
        {
          "Name": "Cache-Control",
          "Value": "max-age=3600, must-revalidate"
        },
        {
          "Name": "Content-Length",
          "Value": "4868"
        },
        {
          "Name": "Content-Type",
          "Value": "image/svg+xml"
        },
        {
          "Name": "ETag",
          "Value": "\"A7SHRneRHbA8n9Np86I+W/0E5dB1157+bpRQTsePuyA=\""
        },
        {
          "Name": "Last-Modified",
          "Value": "Tue, 12 Nov 2024 03:35:42 GMT"
        }
      ],
      "EndpointProperties": [
        {
          "Name": "integrity",
          "Value": "sha256-A7SHRneRHbA8n9Np86I+W/0E5dB1157+bpRQTsePuyA="
        }
      ]
    },
    {
      "Route": "images/avatars/bigSmile-14.zgagfbq42d.svg",
      "AssetFile": "images/avatars/bigSmile-14.svg",
      "Selectors": [],
      "ResponseHeaders": [
        {
          "Name": "Accept-Ranges",
          "Value": "bytes"
        },
        {
          "Name": "Cache-Control",
          "Value": "max-age=31536000, immutable"
        },
        {
          "Name": "Content-Length",
          "Value": "4868"
        },
        {
          "Name": "Content-Type",
          "Value": "image/svg+xml"
        },
        {
          "Name": "ETag",
          "Value": "\"A7SHRneRHbA8n9Np86I+W/0E5dB1157+bpRQTsePuyA=\""
        },
        {
          "Name": "Last-Modified",
          "Value": "Tue, 12 Nov 2024 03:35:42 GMT"
        }
      ],
      "EndpointProperties": [
        {
          "Name": "fingerprint",
          "Value": "zgagfbq42d"
        },
        {
          "Name": "integrity",
          "Value": "sha256-A7SHRneRHbA8n9Np86I+W/0E5dB1157+bpRQTsePuyA="
        },
        {
          "Name": "label",
          "Value": "images/avatars/bigSmile-14.svg"
        }
      ]
    },
    {
      "Route": "images/avatars/bigSmile-15.q5d9sbijgj.svg",
      "AssetFile": "images/avatars/bigSmile-15.svg",
      "Selectors": [],
      "ResponseHeaders": [
        {
          "Name": "Accept-Ranges",
          "Value": "bytes"
        },
        {
          "Name": "Cache-Control",
          "Value": "max-age=31536000, immutable"
        },
        {
          "Name": "Content-Length",
          "Value": "5079"
        },
        {
          "Name": "Content-Type",
          "Value": "image/svg+xml"
        },
        {
          "Name": "ETag",
          "Value": "\"3jJzg2E8IDoXWBQ0P3zQsV3NsCTeHI46aoWpKj74WLU=\""
        },
        {
          "Name": "Last-Modified",
          "Value": "Fri, 11 Apr 2025 19:01:01 GMT"
        }
      ],
      "EndpointProperties": [
        {
          "Name": "fingerprint",
          "Value": "q5d9sbijgj"
        },
        {
          "Name": "integrity",
          "Value": "sha256-3jJzg2E8IDoXWBQ0P3zQsV3NsCTeHI46aoWpKj74WLU="
        },
        {
          "Name": "label",
          "Value": "images/avatars/bigSmile-15.svg"
        }
      ]
    },
    {
      "Route": "images/avatars/bigSmile-15.svg",
      "AssetFile": "images/avatars/bigSmile-15.svg",
      "Selectors": [],
      "ResponseHeaders": [
        {
          "Name": "Accept-Ranges",
          "Value": "bytes"
        },
        {
          "Name": "Cache-Control",
          "Value": "max-age=3600, must-revalidate"
        },
        {
          "Name": "Content-Length",
          "Value": "5079"
        },
        {
          "Name": "Content-Type",
          "Value": "image/svg+xml"
        },
        {
          "Name": "ETag",
          "Value": "\"3jJzg2E8IDoXWBQ0P3zQsV3NsCTeHI46aoWpKj74WLU=\""
        },
        {
          "Name": "Last-Modified",
          "Value": "Fri, 11 Apr 2025 19:01:01 GMT"
        }
      ],
      "EndpointProperties": [
        {
          "Name": "integrity",
          "Value": "sha256-3jJzg2E8IDoXWBQ0P3zQsV3NsCTeHI46aoWpKj74WLU="
        }
      ]
    },
    {
      "Route": "images/avatars/bigSmile-16.svg",
      "AssetFile": "images/avatars/bigSmile-16.svg",
      "Selectors": [],
      "ResponseHeaders": [
        {
          "Name": "Accept-Ranges",
          "Value": "bytes"
        },
        {
          "Name": "Cache-Control",
          "Value": "max-age=3600, must-revalidate"
        },
        {
          "Name": "Content-Length",
          "Value": "6364"
        },
        {
          "Name": "Content-Type",
          "Value": "image/svg+xml"
        },
        {
          "Name": "ETag",
          "Value": "\"rTLVvwSzsr+8/g6NEphJMuZjR8bw+Xd+b/ofC7PEGXE=\""
        },
        {
          "Name": "Last-Modified",
          "Value": "Fri, 11 Apr 2025 19:02:11 GMT"
        }
      ],
      "EndpointProperties": [
        {
          "Name": "integrity",
          "Value": "sha256-rTLVvwSzsr+8/g6NEphJMuZjR8bw+Xd+b/ofC7PEGXE="
        }
      ]
    },
    {
      "Route": "images/avatars/bigSmile-16.z46141hvne.svg",
      "AssetFile": "images/avatars/bigSmile-16.svg",
      "Selectors": [],
      "ResponseHeaders": [
        {
          "Name": "Accept-Ranges",
          "Value": "bytes"
        },
        {
          "Name": "Cache-Control",
          "Value": "max-age=31536000, immutable"
        },
        {
          "Name": "Content-Length",
          "Value": "6364"
        },
        {
          "Name": "Content-Type",
          "Value": "image/svg+xml"
        },
        {
          "Name": "ETag",
          "Value": "\"rTLVvwSzsr+8/g6NEphJMuZjR8bw+Xd+b/ofC7PEGXE=\""
        },
        {
          "Name": "Last-Modified",
          "Value": "Fri, 11 Apr 2025 19:02:11 GMT"
        }
      ],
      "EndpointProperties": [
        {
          "Name": "fingerprint",
          "Value": "z46141hvne"
        },
        {
          "Name": "integrity",
          "Value": "sha256-rTLVvwSzsr+8/g6NEphJMuZjR8bw+Xd+b/ofC7PEGXE="
        },
        {
          "Name": "label",
          "Value": "images/avatars/bigSmile-16.svg"
        }
      ]
    },
    {
      "Route": "images/avatars/bigSmile-17.sraibbr3n4.svg",
      "AssetFile": "images/avatars/bigSmile-17.svg",
      "Selectors": [],
      "ResponseHeaders": [
        {
          "Name": "Accept-Ranges",
          "Value": "bytes"
        },
        {
          "Name": "Cache-Control",
          "Value": "max-age=31536000, immutable"
        },
        {
          "Name": "Content-Length",
          "Value": "6587"
        },
        {
          "Name": "Content-Type",
          "Value": "image/svg+xml"
        },
        {
          "Name": "ETag",
          "Value": "\"CG4UZEaxC6F51UjLUvCQhyK4bBw1yZiLaxmpcRay1iM=\""
        },
        {
          "Name": "Last-Modified",
          "Value": "Fri, 11 Apr 2025 19:02:27 GMT"
        }
      ],
      "EndpointProperties": [
        {
          "Name": "fingerprint",
          "Value": "sraibbr3n4"
        },
        {
          "Name": "integrity",
          "Value": "sha256-CG4UZEaxC6F51UjLUvCQhyK4bBw1yZiLaxmpcRay1iM="
        },
        {
          "Name": "label",
          "Value": "images/avatars/bigSmile-17.svg"
        }
      ]
    },
    {
      "Route": "images/avatars/bigSmile-17.svg",
      "AssetFile": "images/avatars/bigSmile-17.svg",
      "Selectors": [],
      "ResponseHeaders": [
        {
          "Name": "Accept-Ranges",
          "Value": "bytes"
        },
        {
          "Name": "Cache-Control",
          "Value": "max-age=3600, must-revalidate"
        },
        {
          "Name": "Content-Length",
          "Value": "6587"
        },
        {
          "Name": "Content-Type",
          "Value": "image/svg+xml"
        },
        {
          "Name": "ETag",
          "Value": "\"CG4UZEaxC6F51UjLUvCQhyK4bBw1yZiLaxmpcRay1iM=\""
        },
        {
          "Name": "Last-Modified",
          "Value": "Fri, 11 Apr 2025 19:02:27 GMT"
        }
      ],
      "EndpointProperties": [
        {
          "Name": "integrity",
          "Value": "sha256-CG4UZEaxC6F51UjLUvCQhyK4bBw1yZiLaxmpcRay1iM="
        }
      ]
    },
    {
      "Route": "images/avatars/bigSmile-18.dtbnxmrdrd.svg",
      "AssetFile": "images/avatars/bigSmile-18.svg",
      "Selectors": [],
      "ResponseHeaders": [
        {
          "Name": "Accept-Ranges",
          "Value": "bytes"
        },
        {
          "Name": "Cache-Control",
          "Value": "max-age=31536000, immutable"
        },
        {
          "Name": "Content-Length",
          "Value": "6306"
        },
        {
          "Name": "Content-Type",
          "Value": "image/svg+xml"
        },
        {
          "Name": "ETag",
          "Value": "\"b5sIz9oEXx6uL9+6jkloSEY/iVXZnu1CYngd7j/ThAY=\""
        },
        {
          "Name": "Last-Modified",
          "Value": "Fri, 11 Apr 2025 19:02:59 GMT"
        }
      ],
      "EndpointProperties": [
        {
          "Name": "fingerprint",
          "Value": "dtbnxmrdrd"
        },
        {
          "Name": "integrity",
          "Value": "sha256-b5sIz9oEXx6uL9+6jkloSEY/iVXZnu1CYngd7j/ThAY="
        },
        {
          "Name": "label",
          "Value": "images/avatars/bigSmile-18.svg"
        }
      ]
    },
    {
      "Route": "images/avatars/bigSmile-18.svg",
      "AssetFile": "images/avatars/bigSmile-18.svg",
      "Selectors": [],
      "ResponseHeaders": [
        {
          "Name": "Accept-Ranges",
          "Value": "bytes"
        },
        {
          "Name": "Cache-Control",
          "Value": "max-age=3600, must-revalidate"
        },
        {
          "Name": "Content-Length",
          "Value": "6306"
        },
        {
          "Name": "Content-Type",
          "Value": "image/svg+xml"
        },
        {
          "Name": "ETag",
          "Value": "\"b5sIz9oEXx6uL9+6jkloSEY/iVXZnu1CYngd7j/ThAY=\""
        },
        {
          "Name": "Last-Modified",
          "Value": "Fri, 11 Apr 2025 19:02:59 GMT"
        }
      ],
      "EndpointProperties": [
        {
          "Name": "integrity",
          "Value": "sha256-b5sIz9oEXx6uL9+6jkloSEY/iVXZnu1CYngd7j/ThAY="
        }
      ]
    },
    {
      "Route": "images/avatars/bigSmile-19.1sv9dm3if2.svg",
      "AssetFile": "images/avatars/bigSmile-19.svg",
      "Selectors": [],
      "ResponseHeaders": [
        {
          "Name": "Accept-Ranges",
          "Value": "bytes"
        },
        {
          "Name": "Cache-Control",
          "Value": "max-age=31536000, immutable"
        },
        {
          "Name": "Content-Length",
          "Value": "7014"
        },
        {
          "Name": "Content-Type",
          "Value": "image/svg+xml"
        },
        {
          "Name": "ETag",
          "Value": "\"3wFdYEbHTsCwF/l1z3JVQRMhrHfUil4mxAZg+25ZKJ4=\""
        },
        {
          "Name": "Last-Modified",
          "Value": "Fri, 11 Apr 2025 19:03:18 GMT"
        }
      ],
      "EndpointProperties": [
        {
          "Name": "fingerprint",
          "Value": "1sv9dm3if2"
        },
        {
          "Name": "integrity",
          "Value": "sha256-3wFdYEbHTsCwF/l1z3JVQRMhrHfUil4mxAZg+25ZKJ4="
        },
        {
          "Name": "label",
          "Value": "images/avatars/bigSmile-19.svg"
        }
      ]
    },
    {
      "Route": "images/avatars/bigSmile-19.svg",
      "AssetFile": "images/avatars/bigSmile-19.svg",
      "Selectors": [],
      "ResponseHeaders": [
        {
          "Name": "Accept-Ranges",
          "Value": "bytes"
        },
        {
          "Name": "Cache-Control",
          "Value": "max-age=3600, must-revalidate"
        },
        {
          "Name": "Content-Length",
          "Value": "7014"
        },
        {
          "Name": "Content-Type",
          "Value": "image/svg+xml"
        },
        {
          "Name": "ETag",
          "Value": "\"3wFdYEbHTsCwF/l1z3JVQRMhrHfUil4mxAZg+25ZKJ4=\""
        },
        {
          "Name": "Last-Modified",
          "Value": "Fri, 11 Apr 2025 19:03:18 GMT"
        }
      ],
      "EndpointProperties": [
        {
          "Name": "integrity",
          "Value": "sha256-3wFdYEbHTsCwF/l1z3JVQRMhrHfUil4mxAZg+25ZKJ4="
        }
      ]
    },
    {
      "Route": "images/avatars/bigSmile-2.ilf61amny4.svg",
      "AssetFile": "images/avatars/bigSmile-2.svg",
      "Selectors": [],
      "ResponseHeaders": [
        {
          "Name": "Accept-Ranges",
          "Value": "bytes"
        },
        {
          "Name": "Cache-Control",
          "Value": "max-age=31536000, immutable"
        },
        {
          "Name": "Content-Length",
          "Value": "5429"
        },
        {
          "Name": "Content-Type",
          "Value": "image/svg+xml"
        },
        {
          "Name": "ETag",
          "Value": "\"dr0tPyZI3lc8g6/xc4yQGwCf688FNGUBJdZ/LkZAALk=\""
        },
        {
          "Name": "Last-Modified",
          "Value": "Tue, 12 Nov 2024 03:35:42 GMT"
        }
      ],
      "EndpointProperties": [
        {
          "Name": "fingerprint",
          "Value": "ilf61amny4"
        },
        {
          "Name": "integrity",
          "Value": "sha256-dr0tPyZI3lc8g6/xc4yQGwCf688FNGUBJdZ/LkZAALk="
        },
        {
          "Name": "label",
          "Value": "images/avatars/bigSmile-2.svg"
        }
      ]
    },
    {
      "Route": "images/avatars/bigSmile-2.svg",
      "AssetFile": "images/avatars/bigSmile-2.svg",
      "Selectors": [],
      "ResponseHeaders": [
        {
          "Name": "Accept-Ranges",
          "Value": "bytes"
        },
        {
          "Name": "Cache-Control",
          "Value": "max-age=3600, must-revalidate"
        },
        {
          "Name": "Content-Length",
          "Value": "5429"
        },
        {
          "Name": "Content-Type",
          "Value": "image/svg+xml"
        },
        {
          "Name": "ETag",
          "Value": "\"dr0tPyZI3lc8g6/xc4yQGwCf688FNGUBJdZ/LkZAALk=\""
        },
        {
          "Name": "Last-Modified",
          "Value": "Tue, 12 Nov 2024 03:35:42 GMT"
        }
      ],
      "EndpointProperties": [
        {
          "Name": "integrity",
          "Value": "sha256-dr0tPyZI3lc8g6/xc4yQGwCf688FNGUBJdZ/LkZAALk="
        }
      ]
    },
    {
      "Route": "images/avatars/bigSmile-20.97certck8j.svg",
      "AssetFile": "images/avatars/bigSmile-20.svg",
      "Selectors": [],
      "ResponseHeaders": [
        {
          "Name": "Accept-Ranges",
          "Value": "bytes"
        },
        {
          "Name": "Cache-Control",
          "Value": "max-age=31536000, immutable"
        },
        {
          "Name": "Content-Length",
          "Value": "5994"
        },
        {
          "Name": "Content-Type",
          "Value": "image/svg+xml"
        },
        {
          "Name": "ETag",
          "Value": "\"u3vnM7Hz6fTJqI6Ub/AN+JV2MHMGiKkmZ0biEObkvwU=\""
        },
        {
          "Name": "Last-Modified",
          "Value": "Fri, 11 Apr 2025 19:03:39 GMT"
        }
      ],
      "EndpointProperties": [
        {
          "Name": "fingerprint",
          "Value": "97certck8j"
        },
        {
          "Name": "integrity",
          "Value": "sha256-u3vnM7Hz6fTJqI6Ub/AN+JV2MHMGiKkmZ0biEObkvwU="
        },
        {
          "Name": "label",
          "Value": "images/avatars/bigSmile-20.svg"
        }
      ]
    },
    {
      "Route": "images/avatars/bigSmile-20.svg",
      "AssetFile": "images/avatars/bigSmile-20.svg",
      "Selectors": [],
      "ResponseHeaders": [
        {
          "Name": "Accept-Ranges",
          "Value": "bytes"
        },
        {
          "Name": "Cache-Control",
          "Value": "max-age=3600, must-revalidate"
        },
        {
          "Name": "Content-Length",
          "Value": "5994"
        },
        {
          "Name": "Content-Type",
          "Value": "image/svg+xml"
        },
        {
          "Name": "ETag",
          "Value": "\"u3vnM7Hz6fTJqI6Ub/AN+JV2MHMGiKkmZ0biEObkvwU=\""
        },
        {
          "Name": "Last-Modified",
          "Value": "Fri, 11 Apr 2025 19:03:39 GMT"
        }
      ],
      "EndpointProperties": [
        {
          "Name": "integrity",
          "Value": "sha256-u3vnM7Hz6fTJqI6Ub/AN+JV2MHMGiKkmZ0biEObkvwU="
        }
      ]
    },
    {
      "Route": "images/avatars/bigSmile-3.54j7y441yp.svg",
      "AssetFile": "images/avatars/bigSmile-3.svg",
      "Selectors": [],
      "ResponseHeaders": [
        {
          "Name": "Accept-Ranges",
          "Value": "bytes"
        },
        {
          "Name": "Cache-Control",
          "Value": "max-age=31536000, immutable"
        },
        {
          "Name": "Content-Length",
          "Value": "5996"
        },
        {
          "Name": "Content-Type",
          "Value": "image/svg+xml"
        },
        {
          "Name": "ETag",
          "Value": "\"hc6XIMfq95x+NzXoBWErQRQIFKE+5tzTGfYE9u74ecs=\""
        },
        {
          "Name": "Last-Modified",
          "Value": "Tue, 12 Nov 2024 03:35:42 GMT"
        }
      ],
      "EndpointProperties": [
        {
          "Name": "fingerprint",
          "Value": "54j7y441yp"
        },
        {
          "Name": "integrity",
          "Value": "sha256-hc6XIMfq95x+NzXoBWErQRQIFKE+5tzTGfYE9u74ecs="
        },
        {
          "Name": "label",
          "Value": "images/avatars/bigSmile-3.svg"
        }
      ]
    },
    {
      "Route": "images/avatars/bigSmile-3.svg",
      "AssetFile": "images/avatars/bigSmile-3.svg",
      "Selectors": [],
      "ResponseHeaders": [
        {
          "Name": "Accept-Ranges",
          "Value": "bytes"
        },
        {
          "Name": "Cache-Control",
          "Value": "max-age=3600, must-revalidate"
        },
        {
          "Name": "Content-Length",
          "Value": "5996"
        },
        {
          "Name": "Content-Type",
          "Value": "image/svg+xml"
        },
        {
          "Name": "ETag",
          "Value": "\"hc6XIMfq95x+NzXoBWErQRQIFKE+5tzTGfYE9u74ecs=\""
        },
        {
          "Name": "Last-Modified",
          "Value": "Tue, 12 Nov 2024 03:35:42 GMT"
        }
      ],
      "EndpointProperties": [
        {
          "Name": "integrity",
          "Value": "sha256-hc6XIMfq95x+NzXoBWErQRQIFKE+5tzTGfYE9u74ecs="
        }
      ]
    },
    {
      "Route": "images/avatars/bigSmile-4.002cie49q2.svg",
      "AssetFile": "images/avatars/bigSmile-4.svg",
      "Selectors": [],
      "ResponseHeaders": [
        {
          "Name": "Accept-Ranges",
          "Value": "bytes"
        },
        {
          "Name": "Cache-Control",
          "Value": "max-age=31536000, immutable"
        },
        {
          "Name": "Content-Length",
          "Value": "5413"
        },
        {
          "Name": "Content-Type",
          "Value": "image/svg+xml"
        },
        {
          "Name": "ETag",
          "Value": "\"4KBWYBoYdnmpSEG/JFnxE9m4+SgrRQ3qJ4ZSR034ji4=\""
        },
        {
          "Name": "Last-Modified",
          "Value": "Tue, 12 Nov 2024 03:35:42 GMT"
        }
      ],
      "EndpointProperties": [
        {
          "Name": "fingerprint",
          "Value": "002cie49q2"
        },
        {
          "Name": "integrity",
          "Value": "sha256-4KBWYBoYdnmpSEG/JFnxE9m4+SgrRQ3qJ4ZSR034ji4="
        },
        {
          "Name": "label",
          "Value": "images/avatars/bigSmile-4.svg"
        }
      ]
    },
    {
      "Route": "images/avatars/bigSmile-4.svg",
      "AssetFile": "images/avatars/bigSmile-4.svg",
      "Selectors": [],
      "ResponseHeaders": [
        {
          "Name": "Accept-Ranges",
          "Value": "bytes"
        },
        {
          "Name": "Cache-Control",
          "Value": "max-age=3600, must-revalidate"
        },
        {
          "Name": "Content-Length",
          "Value": "5413"
        },
        {
          "Name": "Content-Type",
          "Value": "image/svg+xml"
        },
        {
          "Name": "ETag",
          "Value": "\"4KBWYBoYdnmpSEG/JFnxE9m4+SgrRQ3qJ4ZSR034ji4=\""
        },
        {
          "Name": "Last-Modified",
          "Value": "Tue, 12 Nov 2024 03:35:42 GMT"
        }
      ],
      "EndpointProperties": [
        {
          "Name": "integrity",
          "Value": "sha256-4KBWYBoYdnmpSEG/JFnxE9m4+SgrRQ3qJ4ZSR034ji4="
        }
      ]
    },
    {
      "Route": "images/avatars/bigSmile-5.7p0o2sbsmk.svg",
      "AssetFile": "images/avatars/bigSmile-5.svg",
      "Selectors": [],
      "ResponseHeaders": [
        {
          "Name": "Accept-Ranges",
          "Value": "bytes"
        },
        {
          "Name": "Cache-Control",
          "Value": "max-age=31536000, immutable"
        },
        {
          "Name": "Content-Length",
          "Value": "6824"
        },
        {
          "Name": "Content-Type",
          "Value": "image/svg+xml"
        },
        {
          "Name": "ETag",
          "Value": "\"dQQHbYFinAS3OVgxtF5uLdwpu0Wp0xM1BHlZoTFS1NM=\""
        },
        {
          "Name": "Last-Modified",
          "Value": "Tue, 12 Nov 2024 03:35:42 GMT"
        }
      ],
      "EndpointProperties": [
        {
          "Name": "fingerprint",
          "Value": "7p0o2sbsmk"
        },
        {
          "Name": "integrity",
          "Value": "sha256-dQQHbYFinAS3OVgxtF5uLdwpu0Wp0xM1BHlZoTFS1NM="
        },
        {
          "Name": "label",
          "Value": "images/avatars/bigSmile-5.svg"
        }
      ]
    },
    {
      "Route": "images/avatars/bigSmile-5.svg",
      "AssetFile": "images/avatars/bigSmile-5.svg",
      "Selectors": [],
      "ResponseHeaders": [
        {
          "Name": "Accept-Ranges",
          "Value": "bytes"
        },
        {
          "Name": "Cache-Control",
          "Value": "max-age=3600, must-revalidate"
        },
        {
          "Name": "Content-Length",
          "Value": "6824"
        },
        {
          "Name": "Content-Type",
          "Value": "image/svg+xml"
        },
        {
          "Name": "ETag",
          "Value": "\"dQQHbYFinAS3OVgxtF5uLdwpu0Wp0xM1BHlZoTFS1NM=\""
        },
        {
          "Name": "Last-Modified",
          "Value": "Tue, 12 Nov 2024 03:35:42 GMT"
        }
      ],
      "EndpointProperties": [
        {
          "Name": "integrity",
          "Value": "sha256-dQQHbYFinAS3OVgxtF5uLdwpu0Wp0xM1BHlZoTFS1NM="
        }
      ]
    },
    {
      "Route": "images/avatars/bigSmile-6.c7zzlmanju.svg",
      "AssetFile": "images/avatars/bigSmile-6.svg",
      "Selectors": [],
      "ResponseHeaders": [
        {
          "Name": "Accept-Ranges",
          "Value": "bytes"
        },
        {
          "Name": "Cache-Control",
          "Value": "max-age=31536000, immutable"
        },
        {
          "Name": "Content-Length",
          "Value": "14454"
        },
        {
          "Name": "Content-Type",
          "Value": "image/svg+xml"
        },
        {
          "Name": "ETag",
          "Value": "\"+EmXWEb4dGA4A2C4yRfCyeMQc1ObWAWSrMcrSzTBNVY=\""
        },
        {
          "Name": "Last-Modified",
          "Value": "Tue, 12 Nov 2024 03:35:42 GMT"
        }
      ],
      "EndpointProperties": [
        {
          "Name": "fingerprint",
          "Value": "c7zzlmanju"
        },
        {
          "Name": "integrity",
          "Value": "sha256-+EmXWEb4dGA4A2C4yRfCyeMQc1ObWAWSrMcrSzTBNVY="
        },
        {
          "Name": "label",
          "Value": "images/avatars/bigSmile-6.svg"
        }
      ]
    },
    {
      "Route": "images/avatars/bigSmile-6.svg",
      "AssetFile": "images/avatars/bigSmile-6.svg",
      "Selectors": [],
      "ResponseHeaders": [
        {
          "Name": "Accept-Ranges",
          "Value": "bytes"
        },
        {
          "Name": "Cache-Control",
          "Value": "max-age=3600, must-revalidate"
        },
        {
          "Name": "Content-Length",
          "Value": "14454"
        },
        {
          "Name": "Content-Type",
          "Value": "image/svg+xml"
        },
        {
          "Name": "ETag",
          "Value": "\"+EmXWEb4dGA4A2C4yRfCyeMQc1ObWAWSrMcrSzTBNVY=\""
        },
        {
          "Name": "Last-Modified",
          "Value": "Tue, 12 Nov 2024 03:35:42 GMT"
        }
      ],
      "EndpointProperties": [
        {
          "Name": "integrity",
          "Value": "sha256-+EmXWEb4dGA4A2C4yRfCyeMQc1ObWAWSrMcrSzTBNVY="
        }
      ]
    },
    {
      "Route": "images/avatars/bigSmile-7.puwtg6lf9s.svg",
      "AssetFile": "images/avatars/bigSmile-7.svg",
      "Selectors": [],
      "ResponseHeaders": [
        {
          "Name": "Accept-Ranges",
          "Value": "bytes"
        },
        {
          "Name": "Cache-Control",
          "Value": "max-age=31536000, immutable"
        },
        {
          "Name": "Content-Length",
          "Value": "5781"
        },
        {
          "Name": "Content-Type",
          "Value": "image/svg+xml"
        },
        {
          "Name": "ETag",
          "Value": "\"b7y1kHk2eoPu/Hymhep+A+7yS5ozRQF6CpHZeBwcSOM=\""
        },
        {
          "Name": "Last-Modified",
          "Value": "Tue, 12 Nov 2024 03:35:42 GMT"
        }
      ],
      "EndpointProperties": [
        {
          "Name": "fingerprint",
          "Value": "puwtg6lf9s"
        },
        {
          "Name": "integrity",
          "Value": "sha256-b7y1kHk2eoPu/Hymhep+A+7yS5ozRQF6CpHZeBwcSOM="
        },
        {
          "Name": "label",
          "Value": "images/avatars/bigSmile-7.svg"
        }
      ]
    },
    {
      "Route": "images/avatars/bigSmile-7.svg",
      "AssetFile": "images/avatars/bigSmile-7.svg",
      "Selectors": [],
      "ResponseHeaders": [
        {
          "Name": "Accept-Ranges",
          "Value": "bytes"
        },
        {
          "Name": "Cache-Control",
          "Value": "max-age=3600, must-revalidate"
        },
        {
          "Name": "Content-Length",
          "Value": "5781"
        },
        {
          "Name": "Content-Type",
          "Value": "image/svg+xml"
        },
        {
          "Name": "ETag",
          "Value": "\"b7y1kHk2eoPu/Hymhep+A+7yS5ozRQF6CpHZeBwcSOM=\""
        },
        {
          "Name": "Last-Modified",
          "Value": "Tue, 12 Nov 2024 03:35:42 GMT"
        }
      ],
      "EndpointProperties": [
        {
          "Name": "integrity",
          "Value": "sha256-b7y1kHk2eoPu/Hymhep+A+7yS5ozRQF6CpHZeBwcSOM="
        }
      ]
    },
    {
      "Route": "images/avatars/bigSmile-8.0f2o0v8t77.svg",
      "AssetFile": "images/avatars/bigSmile-8.svg",
      "Selectors": [],
      "ResponseHeaders": [
        {
          "Name": "Accept-Ranges",
          "Value": "bytes"
        },
        {
          "Name": "Cache-Control",
          "Value": "max-age=31536000, immutable"
        },
        {
          "Name": "Content-Length",
          "Value": "7063"
        },
        {
          "Name": "Content-Type",
          "Value": "image/svg+xml"
        },
        {
          "Name": "ETag",
          "Value": "\"PL4Toxmc7zxd9x6LLKpaa3MKZk0YNP/J9r0PDxT5Gb4=\""
        },
        {
          "Name": "Last-Modified",
          "Value": "Tue, 12 Nov 2024 03:35:42 GMT"
        }
      ],
      "EndpointProperties": [
        {
          "Name": "fingerprint",
          "Value": "0f2o0v8t77"
        },
        {
          "Name": "integrity",
          "Value": "sha256-PL4Toxmc7zxd9x6LLKpaa3MKZk0YNP/J9r0PDxT5Gb4="
        },
        {
          "Name": "label",
          "Value": "images/avatars/bigSmile-8.svg"
        }
      ]
    },
    {
      "Route": "images/avatars/bigSmile-8.svg",
      "AssetFile": "images/avatars/bigSmile-8.svg",
      "Selectors": [],
      "ResponseHeaders": [
        {
          "Name": "Accept-Ranges",
          "Value": "bytes"
        },
        {
          "Name": "Cache-Control",
          "Value": "max-age=3600, must-revalidate"
        },
        {
          "Name": "Content-Length",
          "Value": "7063"
        },
        {
          "Name": "Content-Type",
          "Value": "image/svg+xml"
        },
        {
          "Name": "ETag",
          "Value": "\"PL4Toxmc7zxd9x6LLKpaa3MKZk0YNP/J9r0PDxT5Gb4=\""
        },
        {
          "Name": "Last-Modified",
          "Value": "Tue, 12 Nov 2024 03:35:42 GMT"
        }
      ],
      "EndpointProperties": [
        {
          "Name": "integrity",
          "Value": "sha256-PL4Toxmc7zxd9x6LLKpaa3MKZk0YNP/J9r0PDxT5Gb4="
        }
      ]
    },
    {
      "Route": "images/avatars/bigSmile-9.svg",
      "AssetFile": "images/avatars/bigSmile-9.svg",
      "Selectors": [],
      "ResponseHeaders": [
        {
          "Name": "Accept-Ranges",
          "Value": "bytes"
        },
        {
          "Name": "Cache-Control",
          "Value": "max-age=3600, must-revalidate"
        },
        {
          "Name": "Content-Length",
          "Value": "6003"
        },
        {
          "Name": "Content-Type",
          "Value": "image/svg+xml"
        },
        {
          "Name": "ETag",
          "Value": "\"L1A1yOjGGVywaS8eRAaOOq6yqsmQ1ds2Vdb3KO/4YFA=\""
        },
        {
          "Name": "Last-Modified",
          "Value": "Tue, 12 Nov 2024 03:35:42 GMT"
        }
      ],
      "EndpointProperties": [
        {
          "Name": "integrity",
          "Value": "sha256-L1A1yOjGGVywaS8eRAaOOq6yqsmQ1ds2Vdb3KO/4YFA="
        }
      ]
    },
    {
      "Route": "images/avatars/bigSmile-9.t1pk8v1840.svg",
      "AssetFile": "images/avatars/bigSmile-9.svg",
      "Selectors": [],
      "ResponseHeaders": [
        {
          "Name": "Accept-Ranges",
          "Value": "bytes"
        },
        {
          "Name": "Cache-Control",
          "Value": "max-age=31536000, immutable"
        },
        {
          "Name": "Content-Length",
          "Value": "6003"
        },
        {
          "Name": "Content-Type",
          "Value": "image/svg+xml"
        },
        {
          "Name": "ETag",
          "Value": "\"L1A1yOjGGVywaS8eRAaOOq6yqsmQ1ds2Vdb3KO/4YFA=\""
        },
        {
          "Name": "Last-Modified",
          "Value": "Tue, 12 Nov 2024 03:35:42 GMT"
        }
      ],
      "EndpointProperties": [
        {
          "Name": "fingerprint",
          "Value": "t1pk8v1840"
        },
        {
          "Name": "integrity",
          "Value": "sha256-L1A1yOjGGVywaS8eRAaOOq6yqsmQ1ds2Vdb3KO/4YFA="
        },
        {
          "Name": "label",
          "Value": "images/avatars/bigSmile-9.svg"
        }
      ]
    },
    {
      "Route": "index.7l4qvas6up.html",
      "AssetFile": "index.html",
      "Selectors": [],
      "ResponseHeaders": [
        {
          "Name": "Accept-Ranges",
          "Value": "bytes"
        },
        {
          "Name": "Cache-Control",
          "Value": "max-age=31536000, immutable"
        },
        {
          "Name": "Content-Length",
          "Value": "599"
        },
        {
          "Name": "Content-Type",
          "Value": "text/html"
        },
        {
          "Name": "ETag",
          "Value": "\"RT9r79vCiEbxusHejFFQVaKfJjJ1oOkGrEEI5VTDABU=\""
        },
        {
          "Name": "Last-Modified",
          "Value": "Thu, 24 Apr 2025 04:46:14 GMT"
        }
      ],
      "EndpointProperties": [
        {
          "Name": "fingerprint",
          "Value": "7l4qvas6up"
        },
        {
          "Name": "integrity",
          "Value": "sha256-RT9r79vCiEbxusHejFFQVaKfJjJ1oOkGrEEI5VTDABU="
        },
        {
          "Name": "label",
          "Value": "index.html"
        }
      ]
    },
    {
      "Route": "index.html",
      "AssetFile": "index.html",
      "Selectors": [],
      "ResponseHeaders": [
        {
          "Name": "Accept-Ranges",
          "Value": "bytes"
        },
        {
          "Name": "Cache-Control",
          "Value": "no-cache"
        },
        {
          "Name": "Content-Length",
          "Value": "599"
        },
        {
          "Name": "Content-Type",
          "Value": "text/html"
        },
        {
          "Name": "ETag",
          "Value": "\"RT9r79vCiEbxusHejFFQVaKfJjJ1oOkGrEEI5VTDABU=\""
        },
        {
          "Name": "Last-Modified",
          "Value": "Thu, 24 Apr 2025 04:46:14 GMT"
        }
      ],
      "EndpointProperties": [
        {
          "Name": "integrity",
          "Value": "sha256-RT9r79vCiEbxusHejFFQVaKfJjJ1oOkGrEEI5VTDABU="
        }
      ]
    },
    {
      "Route": "initials-logo.svg",
      "AssetFile": "initials-logo.svg",
      "Selectors": [],
      "ResponseHeaders": [
        {
          "Name": "Accept-Ranges",
          "Value": "bytes"
        },
        {
          "Name": "Cache-Control",
          "Value": "max-age=3600, must-revalidate"
        },
        {
          "Name": "Content-Length",
          "Value": "1105"
        },
        {
          "Name": "Content-Type",
          "Value": "image/svg+xml"
        },
        {
          "Name": "ETag",
          "Value": "\"nUmcVtdVnFDJEB1+plYEWitc9HO+WInQ4UStbuDYaCI=\""
        },
        {
          "Name": "Last-Modified",
          "Value": "Mon, 11 Nov 2024 03:03:22 GMT"
        }
      ],
      "EndpointProperties": [
        {
          "Name": "integrity",
          "Value": "sha256-nUmcVtdVnFDJEB1+plYEWitc9HO+WInQ4UStbuDYaCI="
        }
      ]
    },
    {
      "Route": "initials-logo.vpsg5jfinp.svg",
      "AssetFile": "initials-logo.svg",
      "Selectors": [],
      "ResponseHeaders": [
        {
          "Name": "Accept-Ranges",
          "Value": "bytes"
        },
        {
          "Name": "Cache-Control",
          "Value": "max-age=31536000, immutable"
        },
        {
          "Name": "Content-Length",
          "Value": "1105"
        },
        {
          "Name": "Content-Type",
          "Value": "image/svg+xml"
        },
        {
          "Name": "ETag",
          "Value": "\"nUmcVtdVnFDJEB1+plYEWitc9HO+WInQ4UStbuDYaCI=\""
        },
        {
          "Name": "Last-Modified",
          "Value": "Mon, 11 Nov 2024 03:03:22 GMT"
        }
      ],
      "EndpointProperties": [
        {
          "Name": "fingerprint",
          "Value": "vpsg5jfinp"
        },
        {
          "Name": "integrity",
          "Value": "sha256-nUmcVtdVnFDJEB1+plYEWitc9HO+WInQ4UStbuDYaCI="
        },
        {
          "Name": "label",
          "Value": "initials-logo.svg"
        }
      ]
    },
    {
      "Route": "static/logos/23445147-5c29-41b8-b63a-7dff0ab5594e.jpg",
      "AssetFile": "static/logos/23445147-5c29-41b8-b63a-7dff0ab5594e.jpg",
      "Selectors": [],
      "ResponseHeaders": [
        {
          "Name": "Accept-Ranges",
          "Value": "bytes"
        },
        {
          "Name": "Cache-Control",
          "Value": "max-age=3600, must-revalidate"
        },
        {
          "Name": "Content-Length",
          "Value": "78179"
        },
        {
          "Name": "Content-Type",
          "Value": "image/jpeg"
        },
        {
          "Name": "ETag",
          "Value": "\"DPX00013fkSXzLC+T47X1HZc2lFdjJjuWWa1wZmLrkA=\""
        },
        {
          "Name": "Last-Modified",
          "Value": "Tue, 25 Mar 2025 02:43:55 GMT"
        }
      ],
      "EndpointProperties": [
        {
          "Name": "integrity",
          "Value": "sha256-DPX00013fkSXzLC+T47X1HZc2lFdjJjuWWa1wZmLrkA="
        }
      ]
    },
    {
      "Route": "static/logos/23445147-5c29-41b8-b63a-7dff0ab5594e.kw2xesolyz.jpg",
      "AssetFile": "static/logos/23445147-5c29-41b8-b63a-7dff0ab5594e.jpg",
      "Selectors": [],
      "ResponseHeaders": [
        {
          "Name": "Accept-Ranges",
          "Value": "bytes"
        },
        {
          "Name": "Cache-Control",
          "Value": "max-age=31536000, immutable"
        },
        {
          "Name": "Content-Length",
          "Value": "78179"
        },
        {
          "Name": "Content-Type",
          "Value": "image/jpeg"
        },
        {
          "Name": "ETag",
          "Value": "\"DPX00013fkSXzLC+T47X1HZc2lFdjJjuWWa1wZmLrkA=\""
        },
        {
          "Name": "Last-Modified",
          "Value": "Tue, 25 Mar 2025 02:43:55 GMT"
        }
      ],
      "EndpointProperties": [
        {
          "Name": "fingerprint",
          "Value": "kw2xesolyz"
        },
        {
          "Name": "integrity",
          "Value": "sha256-DPX00013fkSXzLC+T47X1HZc2lFdjJjuWWa1wZmLrkA="
        },
        {
          "Name": "label",
          "Value": "static/logos/23445147-5c29-41b8-b63a-7dff0ab5594e.jpg"
        }
      ]
    },
    {
      "Route": "static/logos/2dbb20de-e245-4d19-bb8b-8550c8e6946e.717vk2en7v.png",
      "AssetFile": "static/logos/2dbb20de-e245-4d19-bb8b-8550c8e6946e.png",
      "Selectors": [],
      "ResponseHeaders": [
        {
          "Name": "Accept-Ranges",
          "Value": "bytes"
        },
        {
          "Name": "Cache-Control",
          "Value": "max-age=31536000, immutable"
        },
        {
          "Name": "Content-Length",
          "Value": "51855"
        },
        {
          "Name": "Content-Type",
          "Value": "image/png"
        },
        {
          "Name": "ETag",
          "Value": "\"pU5286sG+t+rxncfWRKyche1QmX6K8dnDWA8TWM213c=\""
        },
        {
          "Name": "Last-Modified",
          "Value": "Thu, 27 Mar 2025 15:35:32 GMT"
        }
      ],
      "EndpointProperties": [
        {
          "Name": "fingerprint",
          "Value": "717vk2en7v"
        },
        {
          "Name": "integrity",
          "Value": "sha256-pU5286sG+t+rxncfWRKyche1QmX6K8dnDWA8TWM213c="
        },
        {
          "Name": "label",
          "Value": "static/logos/2dbb20de-e245-4d19-bb8b-8550c8e6946e.png"
        }
      ]
    },
    {
      "Route": "static/logos/2dbb20de-e245-4d19-bb8b-8550c8e6946e.png",
      "AssetFile": "static/logos/2dbb20de-e245-4d19-bb8b-8550c8e6946e.png",
      "Selectors": [],
      "ResponseHeaders": [
        {
          "Name": "Accept-Ranges",
          "Value": "bytes"
        },
        {
          "Name": "Cache-Control",
          "Value": "max-age=3600, must-revalidate"
        },
        {
          "Name": "Content-Length",
          "Value": "51855"
        },
        {
          "Name": "Content-Type",
          "Value": "image/png"
        },
        {
          "Name": "ETag",
          "Value": "\"pU5286sG+t+rxncfWRKyche1QmX6K8dnDWA8TWM213c=\""
        },
        {
          "Name": "Last-Modified",
          "Value": "Thu, 27 Mar 2025 15:35:32 GMT"
        }
      ],
      "EndpointProperties": [
        {
          "Name": "integrity",
          "Value": "sha256-pU5286sG+t+rxncfWRKyche1QmX6K8dnDWA8TWM213c="
        }
      ]
    },
    {
      "Route": "static/logos/398eefdb-37af-4ced-b2d7-68af14a4deac.jpg",
      "AssetFile": "static/logos/398eefdb-37af-4ced-b2d7-68af14a4deac.jpg",
      "Selectors": [],
      "ResponseHeaders": [
        {
          "Name": "Accept-Ranges",
          "Value": "bytes"
        },
        {
          "Name": "Cache-Control",
          "Value": "max-age=3600, must-revalidate"
        },
        {
          "Name": "Content-Length",
          "Value": "563598"
        },
        {
          "Name": "Content-Type",
          "Value": "image/jpeg"
        },
        {
          "Name": "ETag",
          "Value": "\"/Yz+GU7BXN8LhZHN2tzLR6yTwz1pVioQBhHumZY2sKk=\""
        },
        {
          "Name": "Last-Modified",
          "Value": "Thu, 27 Feb 2025 02:56:42 GMT"
        }
      ],
      "EndpointProperties": [
        {
          "Name": "integrity",
          "Value": "sha256-/Yz+GU7BXN8LhZHN2tzLR6yTwz1pVioQBhHumZY2sKk="
        }
      ]
    },
    {
      "Route": "static/logos/398eefdb-37af-4ced-b2d7-68af14a4deac.limc00djnf.jpg",
      "AssetFile": "static/logos/398eefdb-37af-4ced-b2d7-68af14a4deac.jpg",
      "Selectors": [],
      "ResponseHeaders": [
        {
          "Name": "Accept-Ranges",
          "Value": "bytes"
        },
        {
          "Name": "Cache-Control",
          "Value": "max-age=31536000, immutable"
        },
        {
          "Name": "Content-Length",
          "Value": "563598"
        },
        {
          "Name": "Content-Type",
          "Value": "image/jpeg"
        },
        {
          "Name": "ETag",
          "Value": "\"/Yz+GU7BXN8LhZHN2tzLR6yTwz1pVioQBhHumZY2sKk=\""
        },
        {
          "Name": "Last-Modified",
          "Value": "Thu, 27 Feb 2025 02:56:42 GMT"
        }
      ],
      "EndpointProperties": [
        {
          "Name": "fingerprint",
          "Value": "limc00djnf"
        },
        {
          "Name": "integrity",
          "Value": "sha256-/Yz+GU7BXN8LhZHN2tzLR6yTwz1pVioQBhHumZY2sKk="
        },
        {
          "Name": "label",
          "Value": "static/logos/398eefdb-37af-4ced-b2d7-68af14a4deac.jpg"
        }
      ]
    },
    {
      "Route": "static/logos/44f0ee7c-4401-417b-845d-4f28e75abcbb.717vk2en7v.png",
      "AssetFile": "static/logos/44f0ee7c-4401-417b-845d-4f28e75abcbb.png",
      "Selectors": [],
      "ResponseHeaders": [
        {
          "Name": "Accept-Ranges",
          "Value": "bytes"
        },
        {
          "Name": "Cache-Control",
          "Value": "max-age=31536000, immutable"
        },
        {
          "Name": "Content-Length",
          "Value": "51855"
        },
        {
          "Name": "Content-Type",
          "Value": "image/png"
        },
        {
          "Name": "ETag",
          "Value": "\"pU5286sG+t+rxncfWRKyche1QmX6K8dnDWA8TWM213c=\""
        },
        {
          "Name": "Last-Modified",
          "Value": "Thu, 27 Feb 2025 03:04:56 GMT"
        }
      ],
      "EndpointProperties": [
        {
          "Name": "fingerprint",
          "Value": "717vk2en7v"
        },
        {
          "Name": "integrity",
          "Value": "sha256-pU5286sG+t+rxncfWRKyche1QmX6K8dnDWA8TWM213c="
        },
        {
          "Name": "label",
          "Value": "static/logos/44f0ee7c-4401-417b-845d-4f28e75abcbb.png"
        }
      ]
    },
    {
      "Route": "static/logos/44f0ee7c-4401-417b-845d-4f28e75abcbb.png",
      "AssetFile": "static/logos/44f0ee7c-4401-417b-845d-4f28e75abcbb.png",
      "Selectors": [],
      "ResponseHeaders": [
        {
          "Name": "Accept-Ranges",
          "Value": "bytes"
        },
        {
          "Name": "Cache-Control",
          "Value": "max-age=3600, must-revalidate"
        },
        {
          "Name": "Content-Length",
          "Value": "51855"
        },
        {
          "Name": "Content-Type",
          "Value": "image/png"
        },
        {
          "Name": "ETag",
          "Value": "\"pU5286sG+t+rxncfWRKyche1QmX6K8dnDWA8TWM213c=\""
        },
        {
          "Name": "Last-Modified",
          "Value": "Thu, 27 Feb 2025 03:04:56 GMT"
        }
      ],
      "EndpointProperties": [
        {
          "Name": "integrity",
          "Value": "sha256-pU5286sG+t+rxncfWRKyche1QmX6K8dnDWA8TWM213c="
        }
      ]
    },
    {
      "Route": "static/logos/99ce117b-5ad2-4b16-a293-048f65c7e2d5.jpg",
      "AssetFile": "static/logos/99ce117b-5ad2-4b16-a293-048f65c7e2d5.jpg",
      "Selectors": [],
      "ResponseHeaders": [
        {
          "Name": "Accept-Ranges",
          "Value": "bytes"
        },
        {
          "Name": "Cache-Control",
          "Value": "max-age=3600, must-revalidate"
        },
        {
          "Name": "Content-Length",
          "Value": "78179"
        },
        {
          "Name": "Content-Type",
          "Value": "image/jpeg"
        },
        {
          "Name": "ETag",
          "Value": "\"DPX00013fkSXzLC+T47X1HZc2lFdjJjuWWa1wZmLrkA=\""
        },
        {
          "Name": "Last-Modified",
          "Value": "Wed, 26 Feb 2025 13:53:23 GMT"
        }
      ],
      "EndpointProperties": [
        {
          "Name": "integrity",
          "Value": "sha256-DPX00013fkSXzLC+T47X1HZc2lFdjJjuWWa1wZmLrkA="
        }
      ]
    },
    {
      "Route": "static/logos/99ce117b-5ad2-4b16-a293-048f65c7e2d5.kw2xesolyz.jpg",
      "AssetFile": "static/logos/99ce117b-5ad2-4b16-a293-048f65c7e2d5.jpg",
      "Selectors": [],
      "ResponseHeaders": [
        {
          "Name": "Accept-Ranges",
          "Value": "bytes"
        },
        {
          "Name": "Cache-Control",
          "Value": "max-age=31536000, immutable"
        },
        {
          "Name": "Content-Length",
          "Value": "78179"
        },
        {
          "Name": "Content-Type",
          "Value": "image/jpeg"
        },
        {
          "Name": "ETag",
          "Value": "\"DPX00013fkSXzLC+T47X1HZc2lFdjJjuWWa1wZmLrkA=\""
        },
        {
          "Name": "Last-Modified",
          "Value": "Wed, 26 Feb 2025 13:53:23 GMT"
        }
      ],
      "EndpointProperties": [
        {
          "Name": "fingerprint",
          "Value": "kw2xesolyz"
        },
        {
          "Name": "integrity",
          "Value": "sha256-DPX00013fkSXzLC+T47X1HZc2lFdjJjuWWa1wZmLrkA="
        },
        {
          "Name": "label",
          "Value": "static/logos/99ce117b-5ad2-4b16-a293-048f65c7e2d5.jpg"
        }
      ]
    },
    {
      "Route": "template/Formula.5axi9xxney.xlsx",
      "AssetFile": "template/Formula.xlsx",
      "Selectors": [],
      "ResponseHeaders": [
        {
          "Name": "Accept-Ranges",
          "Value": "bytes"
        },
        {
          "Name": "Cache-Control",
          "Value": "max-age=31536000, immutable"
        },
        {
          "Name": "Content-Length",
          "Value": "68283"
        },
        {
          "Name": "Content-Type",
          "Value": "application/vnd.openxmlformats-officedocument.spreadsheetml.sheet"
        },
        {
          "Name": "ETag",
          "Value": "\"A+pNobu+8V+AXw/ARn06gVSQdztF37vtpyrx7XLoARM=\""
        },
        {
          "Name": "Last-Modified",
          "Value": "Wed, 23 Apr 2025 04:37:36 GMT"
        }
      ],
      "EndpointProperties": [
        {
          "Name": "fingerprint",
          "Value": "5axi9xxney"
        },
        {
          "Name": "integrity",
          "Value": "sha256-A+pNobu+8V+AXw/ARn06gVSQdztF37vtpyrx7XLoARM="
        },
        {
          "Name": "label",
          "Value": "template/Formula.xlsx"
        }
      ]
    },
    {
      "Route": "template/Formula.xlsx",
      "AssetFile": "template/Formula.xlsx",
      "Selectors": [],
      "ResponseHeaders": [
        {
          "Name": "Accept-Ranges",
          "Value": "bytes"
        },
        {
          "Name": "Cache-Control",
          "Value": "no-cache"
        },
        {
          "Name": "Content-Length",
          "Value": "68283"
        },
        {
          "Name": "Content-Type",
          "Value": "application/vnd.openxmlformats-officedocument.spreadsheetml.sheet"
        },
        {
          "Name": "ETag",
          "Value": "\"A+pNobu+8V+AXw/ARn06gVSQdztF37vtpyrx7XLoARM=\""
        },
        {
          "Name": "Last-Modified",
          "Value": "Wed, 23 Apr 2025 04:37:36 GMT"
        }
      ],
      "EndpointProperties": [
        {
          "Name": "integrity",
          "Value": "sha256-A+pNobu+8V+AXw/ARn06gVSQdztF37vtpyrx7XLoARM="
        }
      ]
    },
    {
      "Route": "template/Formula_Invoice.oltdns15fr.xlsx",
      "AssetFile": "template/Formula_Invoice.xlsx",
      "Selectors": [],
      "ResponseHeaders": [
        {
          "Name": "Accept-Ranges",
          "Value": "bytes"
        },
        {
          "Name": "Cache-Control",
          "Value": "max-age=31536000, immutable"
        },
        {
          "Name": "Content-Length",
          "Value": "68326"
        },
        {
          "Name": "Content-Type",
          "Value": "application/vnd.openxmlformats-officedocument.spreadsheetml.sheet"
        },
        {
          "Name": "ETag",
          "Value": "\"5HGN4wT3R9H/IAHq0Gn9sQTJFw3Y+vaurmGkDaglwdM=\""
        },
        {
          "Name": "Last-Modified",
          "Value": "Thu, 24 Apr 2025 04:07:56 GMT"
        }
      ],
      "EndpointProperties": [
        {
          "Name": "fingerprint",
          "Value": "oltdns15fr"
        },
        {
          "Name": "integrity",
          "Value": "sha256-5HGN4wT3R9H/IAHq0Gn9sQTJFw3Y+vaurmGkDaglwdM="
        },
        {
          "Name": "label",
          "Value": "template/Formula_Invoice.xlsx"
        }
      ]
    },
    {
      "Route": "template/Formula_Invoice.xlsx",
      "AssetFile": "template/Formula_Invoice.xlsx",
      "Selectors": [],
      "ResponseHeaders": [
        {
          "Name": "Accept-Ranges",
          "Value": "bytes"
        },
        {
          "Name": "Cache-Control",
          "Value": "no-cache"
        },
        {
          "Name": "Content-Length",
          "Value": "68326"
        },
        {
          "Name": "Content-Type",
          "Value": "application/vnd.openxmlformats-officedocument.spreadsheetml.sheet"
        },
        {
          "Name": "ETag",
          "Value": "\"5HGN4wT3R9H/IAHq0Gn9sQTJFw3Y+vaurmGkDaglwdM=\""
        },
        {
          "Name": "Last-Modified",
          "Value": "Thu, 24 Apr 2025 04:07:56 GMT"
        }
      ],
      "EndpointProperties": [
        {
          "Name": "integrity",
          "Value": "sha256-5HGN4wT3R9H/IAHq0Gn9sQTJFw3Y+vaurmGkDaglwdM="
        }
      ]
    },
    {
      "Route": "template/Invoice.o4m0qvjg1s.xlsx",
      "AssetFile": "template/Invoice.xlsx",
      "Selectors": [],
      "ResponseHeaders": [
        {
          "Name": "Accept-Ranges",
          "Value": "bytes"
        },
        {
          "Name": "Cache-Control",
          "Value": "max-age=31536000, immutable"
        },
        {
          "Name": "Content-Length",
          "Value": "68721"
        },
        {
          "Name": "Content-Type",
          "Value": "application/vnd.openxmlformats-officedocument.spreadsheetml.sheet"
        },
        {
          "Name": "ETag",
          "Value": "\"+CmYUdptvb+VHy2CkcbFzO+HE6ixNXxnNXFJLrOyYz0=\""
        },
        {
          "Name": "Last-Modified",
          "Value": "Thu, 24 Apr 2025 04:03:34 GMT"
        }
      ],
      "EndpointProperties": [
        {
          "Name": "fingerprint",
          "Value": "o4m0qvjg1s"
        },
        {
          "Name": "integrity",
          "Value": "sha256-+CmYUdptvb+VHy2CkcbFzO+HE6ixNXxnNXFJLrOyYz0="
        },
        {
          "Name": "label",
          "Value": "template/Invoice.xlsx"
        }
      ]
    },
    {
      "Route": "template/Invoice.xlsx",
      "AssetFile": "template/Invoice.xlsx",
      "Selectors": [],
      "ResponseHeaders": [
        {
          "Name": "Accept-Ranges",
          "Value": "bytes"
        },
        {
          "Name": "Cache-Control",
          "Value": "no-cache"
        },
        {
          "Name": "Content-Length",
          "Value": "68721"
        },
        {
          "Name": "Content-Type",
          "Value": "application/vnd.openxmlformats-officedocument.spreadsheetml.sheet"
        },
        {
          "Name": "ETag",
          "Value": "\"+CmYUdptvb+VHy2CkcbFzO+HE6ixNXxnNXFJLrOyYz0=\""
        },
        {
          "Name": "Last-Modified",
          "Value": "Thu, 24 Apr 2025 04:03:34 GMT"
        }
      ],
      "EndpointProperties": [
        {
          "Name": "integrity",
          "Value": "sha256-+CmYUdptvb+VHy2CkcbFzO+HE6ixNXxnNXFJLrOyYz0="
        }
      ]
    },
    {
      "Route": "template/Purchase.k8llvoiott.xlsx",
      "AssetFile": "template/Purchase.xlsx",
      "Selectors": [],
      "ResponseHeaders": [
        {
          "Name": "Accept-Ranges",
          "Value": "bytes"
        },
        {
          "Name": "Cache-Control",
          "Value": "max-age=31536000, immutable"
        },
        {
          "Name": "Content-Length",
          "Value": "68713"
        },
        {
          "Name": "Content-Type",
          "Value": "application/vnd.openxmlformats-officedocument.spreadsheetml.sheet"
        },
        {
          "Name": "ETag",
          "Value": "\"PKJAzJCAzYPg9FRV5pwFy0g2/H+uOV6gHqvsstEnVBk=\""
        },
        {
          "Name": "Last-Modified",
          "Value": "Wed, 23 Apr 2025 04:49:59 GMT"
        }
      ],
      "EndpointProperties": [
        {
          "Name": "fingerprint",
          "Value": "k8llvoiott"
        },
        {
          "Name": "integrity",
          "Value": "sha256-PKJAzJCAzYPg9FRV5pwFy0g2/H+uOV6gHqvsstEnVBk="
        },
        {
          "Name": "label",
          "Value": "template/Purchase.xlsx"
        }
      ]
    },
    {
      "Route": "template/Purchase.xlsx",
      "AssetFile": "template/Purchase.xlsx",
      "Selectors": [],
      "ResponseHeaders": [
        {
          "Name": "Accept-Ranges",
          "Value": "bytes"
        },
        {
          "Name": "Cache-Control",
          "Value": "no-cache"
        },
        {
          "Name": "Content-Length",
          "Value": "68713"
        },
        {
          "Name": "Content-Type",
          "Value": "application/vnd.openxmlformats-officedocument.spreadsheetml.sheet"
        },
        {
          "Name": "ETag",
          "Value": "\"PKJAzJCAzYPg9FRV5pwFy0g2/H+uOV6gHqvsstEnVBk=\""
        },
        {
          "Name": "Last-Modified",
          "Value": "Wed, 23 Apr 2025 04:49:59 GMT"
        }
      ],
      "EndpointProperties": [
        {
          "Name": "integrity",
          "Value": "sha256-PKJAzJCAzYPg9FRV5pwFy0g2/H+uOV6gHqvsstEnVBk="
        }
      ]
    }
  ]
}