{
  "Version": 1,
  "ManifestType": "Publish",
  "Endpoints": [
    {
      "Route": "assets/index-D0abNg0P.9ig18v15g4.js",
      "AssetFile": "assets/index-D0abNg0P.js",
      "Selectors": [],
      "ResponseHeaders": [
        {
          "Name": "Accept-Ranges",
          "Value": "bytes"
        },
        {
          "Name": "Cache-Control",
          "Value": "max-age=31536000, immutable"
        },
        {
          "Name": "Content-Length",
          "Value": "762337"
        },
        {
          "Name": "Content-Type",
          "Value": "text/javascript"
        },
        {
          "Name": "ETag",
          "Value": "\"L8JRv45hrDLI9d/h2amEloaNhlZPUlpBDlUCyWNU2PE=\""
        },
        {
          "Name": "Last-Modified",
          "Value": "Fri, 11 Apr 2025 03:34:39 GMT"
        }
      ],
      "EndpointProperties": [
        {
          "Name": "fingerprint",
          "Value": "9ig18v15g4"
        },
        {
          "Name": "integrity",
          "Value": "sha256-L8JRv45hrDLI9d/h2amEloaNhlZPUlpBDlUCyWNU2PE="
        },
        {
          "Name": "label",
          "Value": "assets/index-D0abNg0P.js"
        }
      ]
    },
    {
      "Route": "assets/index-D0abNg0P.js",
      "AssetFile": "assets/index-D0abNg0P.js",
      "Selectors": [],
      "ResponseHeaders": [
        {
          "Name": "Accept-Ranges",
          "Value": "bytes"
        },
        {
          "Name": "Cache-Control",
          "Value": "no-cache"
        },
        {
          "Name": "Content-Length",
          "Value": "762337"
        },
        {
          "Name": "Content-Type",
          "Value": "text/javascript"
        },
        {
          "Name": "ETag",
          "Value": "\"L8JRv45hrDLI9d/h2amEloaNhlZPUlpBDlUCyWNU2PE=\""
        },
        {
          "Name": "Last-Modified",
          "Value": "Fri, 11 Apr 2025 03:34:39 GMT"
        }
      ],
      "EndpointProperties": [
        {
          "Name": "integrity",
          "Value": "sha256-L8JRv45hrDLI9d/h2amEloaNhlZPUlpBDlUCyWNU2PE="
        }
      ]
    },
    {
      "Route": "assets/index-yd_dtw9s.css",
      "AssetFile": "assets/index-yd_dtw9s.css",
      "Selectors": [],
      "ResponseHeaders": [
        {
          "Name": "Accept-Ranges",
          "Value": "bytes"
        },
        {
          "Name": "Cache-Control",
          "Value": "no-cache"
        },
        {
          "Name": "Content-Length",
          "Value": "41011"
        },
        {
          "Name": "Content-Type",
          "Value": "text/css"
        },
        {
          "Name": "ETag",
          "Value": "\"+YrPxhjmWgT5D1OJan7/cVOr9fvkrcOl+Q7COWAXYY0=\""
        },
        {
          "Name": "Last-Modified",
          "Value": "Fri, 11 Apr 2025 03:34:39 GMT"
        }
      ],
      "EndpointProperties": [
        {
          "Name": "integrity",
          "Value": "sha256-+YrPxhjmWgT5D1OJan7/cVOr9fvkrcOl+Q7COWAXYY0="
        }
      ]
    },
    {
      "Route": "assets/index-yd_dtw9s.jpb7mqco8w.css",
      "AssetFile": "assets/index-yd_dtw9s.css",
      "Selectors": [],
      "ResponseHeaders": [
        {
          "Name": "Accept-Ranges",
          "Value": "bytes"
        },
        {
          "Name": "Cache-Control",
          "Value": "max-age=31536000, immutable"
        },
        {
          "Name": "Content-Length",
          "Value": "41011"
        },
        {
          "Name": "Content-Type",
          "Value": "text/css"
        },
        {
          "Name": "ETag",
          "Value": "\"+YrPxhjmWgT5D1OJan7/cVOr9fvkrcOl+Q7COWAXYY0=\""
        },
        {
          "Name": "Last-Modified",
          "Value": "Fri, 11 Apr 2025 03:34:39 GMT"
        }
      ],
      "EndpointProperties": [
        {
          "Name": "fingerprint",
          "Value": "jpb7mqco8w"
        },
        {
          "Name": "integrity",
          "Value": "sha256-+YrPxhjmWgT5D1OJan7/cVOr9fvkrcOl+Q7COWAXYY0="
        },
        {
          "Name": "label",
          "Value": "assets/index-yd_dtw9s.css"
        }
      ]
    },
    {
      "Route": "images/avatars/bigSmile-1.hb7mhv0kj1.svg",
      "AssetFile": "images/avatars/bigSmile-1.svg",
      "Selectors": [],
      "ResponseHeaders": [
        {
          "Name": "Accept-Ranges",
          "Value": "bytes"
        },
        {
          "Name": "Cache-Control",
          "Value": "max-age=31536000, immutable"
        },
        {
          "Name": "Content-Length",
          "Value": "7083"
        },
        {
          "Name": "Content-Type",
          "Value": "image/svg+xml"
        },
        {
          "Name": "ETag",
          "Value": "\"jVtBf5JXozkfUojIIGxfS6u/qoeZSCrb1rmMwlR4f98=\""
        },
        {
          "Name": "Last-Modified",
          "Value": "Tue, 12 Nov 2024 03:35:42 GMT"
        }
      ],
      "EndpointProperties": [
        {
          "Name": "fingerprint",
          "Value": "hb7mhv0kj1"
        },
        {
          "Name": "integrity",
          "Value": "sha256-jVtBf5JXozkfUojIIGxfS6u/qoeZSCrb1rmMwlR4f98="
        },
        {
          "Name": "label",
          "Value": "images/avatars/bigSmile-1.svg"
        }
      ]
    },
    {
      "Route": "images/avatars/bigSmile-1.svg",
      "AssetFile": "images/avatars/bigSmile-1.svg",
      "Selectors": [],
      "ResponseHeaders": [
        {
          "Name": "Accept-Ranges",
          "Value": "bytes"
        },
        {
          "Name": "Cache-Control",
          "Value": "max-age=3600, must-revalidate"
        },
        {
          "Name": "Content-Length",
          "Value": "7083"
        },
        {
          "Name": "Content-Type",
          "Value": "image/svg+xml"
        },
        {
          "Name": "ETag",
          "Value": "\"jVtBf5JXozkfUojIIGxfS6u/qoeZSCrb1rmMwlR4f98=\""
        },
        {
          "Name": "Last-Modified",
          "Value": "Tue, 12 Nov 2024 03:35:42 GMT"
        }
      ],
      "EndpointProperties": [
        {
          "Name": "integrity",
          "Value": "sha256-jVtBf5JXozkfUojIIGxfS6u/qoeZSCrb1rmMwlR4f98="
        }
      ]
    },
    {
      "Route": "images/avatars/bigSmile-10.9knto60l3g.svg",
      "AssetFile": "images/avatars/bigSmile-10.svg",
      "Selectors": [],
      "ResponseHeaders": [
        {
          "Name": "Accept-Ranges",
          "Value": "bytes"
        },
        {
          "Name": "Cache-Control",
          "Value": "max-age=31536000, immutable"
        },
        {
          "Name": "Content-Length",
          "Value": "5361"
        },
        {
          "Name": "Content-Type",
          "Value": "image/svg+xml"
        },
        {
          "Name": "ETag",
          "Value": "\"iUway81DI/QPKq2+QGESQdkWpCHYrXNVIRHVeK1I3As=\""
        },
        {
          "Name": "Last-Modified",
          "Value": "Tue, 12 Nov 2024 03:35:42 GMT"
        }
      ],
      "EndpointProperties": [
        {
          "Name": "fingerprint",
          "Value": "9knto60l3g"
        },
        {
          "Name": "integrity",
          "Value": "sha256-iUway81DI/QPKq2+QGESQdkWpCHYrXNVIRHVeK1I3As="
        },
        {
          "Name": "label",
          "Value": "images/avatars/bigSmile-10.svg"
        }
      ]
    },
    {
      "Route": "images/avatars/bigSmile-10.svg",
      "AssetFile": "images/avatars/bigSmile-10.svg",
      "Selectors": [],
      "ResponseHeaders": [
        {
          "Name": "Accept-Ranges",
          "Value": "bytes"
        },
        {
          "Name": "Cache-Control",
          "Value": "max-age=3600, must-revalidate"
        },
        {
          "Name": "Content-Length",
          "Value": "5361"
        },
        {
          "Name": "Content-Type",
          "Value": "image/svg+xml"
        },
        {
          "Name": "ETag",
          "Value": "\"iUway81DI/QPKq2+QGESQdkWpCHYrXNVIRHVeK1I3As=\""
        },
        {
          "Name": "Last-Modified",
          "Value": "Tue, 12 Nov 2024 03:35:42 GMT"
        }
      ],
      "EndpointProperties": [
        {
          "Name": "integrity",
          "Value": "sha256-iUway81DI/QPKq2+QGESQdkWpCHYrXNVIRHVeK1I3As="
        }
      ]
    },
    {
      "Route": "images/avatars/bigSmile-11.hiv33xpmgf.svg",
      "AssetFile": "images/avatars/bigSmile-11.svg",
      "Selectors": [],
      "ResponseHeaders": [
        {
          "Name": "Accept-Ranges",
          "Value": "bytes"
        },
        {
          "Name": "Cache-Control",
          "Value": "max-age=31536000, immutable"
        },
        {
          "Name": "Content-Length",
          "Value": "5847"
        },
        {
          "Name": "Content-Type",
          "Value": "image/svg+xml"
        },
        {
          "Name": "ETag",
          "Value": "\"tybjwgc20VvuRdpvM3XqQkgSTJ9yftCMt8UaERfd/Mk=\""
        },
        {
          "Name": "Last-Modified",
          "Value": "Tue, 12 Nov 2024 03:35:42 GMT"
        }
      ],
      "EndpointProperties": [
        {
          "Name": "fingerprint",
          "Value": "hiv33xpmgf"
        },
        {
          "Name": "integrity",
          "Value": "sha256-tybjwgc20VvuRdpvM3XqQkgSTJ9yftCMt8UaERfd/Mk="
        },
        {
          "Name": "label",
          "Value": "images/avatars/bigSmile-11.svg"
        }
      ]
    },
    {
      "Route": "images/avatars/bigSmile-11.svg",
      "AssetFile": "images/avatars/bigSmile-11.svg",
      "Selectors": [],
      "ResponseHeaders": [
        {
          "Name": "Accept-Ranges",
          "Value": "bytes"
        },
        {
          "Name": "Cache-Control",
          "Value": "max-age=3600, must-revalidate"
        },
        {
          "Name": "Content-Length",
          "Value": "5847"
        },
        {
          "Name": "Content-Type",
          "Value": "image/svg+xml"
        },
        {
          "Name": "ETag",
          "Value": "\"tybjwgc20VvuRdpvM3XqQkgSTJ9yftCMt8UaERfd/Mk=\""
        },
        {
          "Name": "Last-Modified",
          "Value": "Tue, 12 Nov 2024 03:35:42 GMT"
        }
      ],
      "EndpointProperties": [
        {
          "Name": "integrity",
          "Value": "sha256-tybjwgc20VvuRdpvM3XqQkgSTJ9yftCMt8UaERfd/Mk="
        }
      ]
    },
    {
      "Route": "images/avatars/bigSmile-12.qu57e2jtdl.svg",
      "AssetFile": "images/avatars/bigSmile-12.svg",
      "Selectors": [],
      "ResponseHeaders": [
        {
          "Name": "Accept-Ranges",
          "Value": "bytes"
        },
        {
          "Name": "Cache-Control",
          "Value": "max-age=31536000, immutable"
        },
        {
          "Name": "Content-Length",
          "Value": "5092"
        },
        {
          "Name": "Content-Type",
          "Value": "image/svg+xml"
        },
        {
          "Name": "ETag",
          "Value": "\"Yp+t6h4+v1QYltedUzR2g62/g4/82tByfGbbv4xPpA0=\""
        },
        {
          "Name": "Last-Modified",
          "Value": "Tue, 12 Nov 2024 03:35:42 GMT"
        }
      ],
      "EndpointProperties": [
        {
          "Name": "fingerprint",
          "Value": "qu57e2jtdl"
        },
        {
          "Name": "integrity",
          "Value": "sha256-Yp+t6h4+v1QYltedUzR2g62/g4/82tByfGbbv4xPpA0="
        },
        {
          "Name": "label",
          "Value": "images/avatars/bigSmile-12.svg"
        }
      ]
    },
    {
      "Route": "images/avatars/bigSmile-12.svg",
      "AssetFile": "images/avatars/bigSmile-12.svg",
      "Selectors": [],
      "ResponseHeaders": [
        {
          "Name": "Accept-Ranges",
          "Value": "bytes"
        },
        {
          "Name": "Cache-Control",
          "Value": "max-age=3600, must-revalidate"
        },
        {
          "Name": "Content-Length",
          "Value": "5092"
        },
        {
          "Name": "Content-Type",
          "Value": "image/svg+xml"
        },
        {
          "Name": "ETag",
          "Value": "\"Yp+t6h4+v1QYltedUzR2g62/g4/82tByfGbbv4xPpA0=\""
        },
        {
          "Name": "Last-Modified",
          "Value": "Tue, 12 Nov 2024 03:35:42 GMT"
        }
      ],
      "EndpointProperties": [
        {
          "Name": "integrity",
          "Value": "sha256-Yp+t6h4+v1QYltedUzR2g62/g4/82tByfGbbv4xPpA0="
        }
      ]
    },
    {
      "Route": "images/avatars/bigSmile-13.51g3n16dez.svg",
      "AssetFile": "images/avatars/bigSmile-13.svg",
      "Selectors": [],
      "ResponseHeaders": [
        {
          "Name": "Accept-Ranges",
          "Value": "bytes"
        },
        {
          "Name": "Cache-Control",
          "Value": "max-age=31536000, immutable"
        },
        {
          "Name": "Content-Length",
          "Value": "6418"
        },
        {
          "Name": "Content-Type",
          "Value": "image/svg+xml"
        },
        {
          "Name": "ETag",
          "Value": "\"6S7oohf0UDUnmNpRAFeCCuJsqC7Hm3zeh+/CIG5CK/A=\""
        },
        {
          "Name": "Last-Modified",
          "Value": "Tue, 12 Nov 2024 03:35:42 GMT"
        }
      ],
      "EndpointProperties": [
        {
          "Name": "fingerprint",
          "Value": "51g3n16dez"
        },
        {
          "Name": "integrity",
          "Value": "sha256-6S7oohf0UDUnmNpRAFeCCuJsqC7Hm3zeh+/CIG5CK/A="
        },
        {
          "Name": "label",
          "Value": "images/avatars/bigSmile-13.svg"
        }
      ]
    },
    {
      "Route": "images/avatars/bigSmile-13.svg",
      "AssetFile": "images/avatars/bigSmile-13.svg",
      "Selectors": [],
      "ResponseHeaders": [
        {
          "Name": "Accept-Ranges",
          "Value": "bytes"
        },
        {
          "Name": "Cache-Control",
          "Value": "max-age=3600, must-revalidate"
        },
        {
          "Name": "Content-Length",
          "Value": "6418"
        },
        {
          "Name": "Content-Type",
          "Value": "image/svg+xml"
        },
        {
          "Name": "ETag",
          "Value": "\"6S7oohf0UDUnmNpRAFeCCuJsqC7Hm3zeh+/CIG5CK/A=\""
        },
        {
          "Name": "Last-Modified",
          "Value": "Tue, 12 Nov 2024 03:35:42 GMT"
        }
      ],
      "EndpointProperties": [
        {
          "Name": "integrity",
          "Value": "sha256-6S7oohf0UDUnmNpRAFeCCuJsqC7Hm3zeh+/CIG5CK/A="
        }
      ]
    },
    {
      "Route": "images/avatars/bigSmile-14.svg",
      "AssetFile": "images/avatars/bigSmile-14.svg",
      "Selectors": [],
      "ResponseHeaders": [
        {
          "Name": "Accept-Ranges",
          "Value": "bytes"
        },
        {
          "Name": "Cache-Control",
          "Value": "max-age=3600, must-revalidate"
        },
        {
          "Name": "Content-Length",
          "Value": "4868"
        },
        {
          "Name": "Content-Type",
          "Value": "image/svg+xml"
        },
        {
          "Name": "ETag",
          "Value": "\"A7SHRneRHbA8n9Np86I+W/0E5dB1157+bpRQTsePuyA=\""
        },
        {
          "Name": "Last-Modified",
          "Value": "Tue, 12 Nov 2024 03:35:42 GMT"
        }
      ],
      "EndpointProperties": [
        {
          "Name": "integrity",
          "Value": "sha256-A7SHRneRHbA8n9Np86I+W/0E5dB1157+bpRQTsePuyA="
        }
      ]
    },
    {
      "Route": "images/avatars/bigSmile-14.zgagfbq42d.svg",
      "AssetFile": "images/avatars/bigSmile-14.svg",
      "Selectors": [],
      "ResponseHeaders": [
        {
          "Name": "Accept-Ranges",
          "Value": "bytes"
        },
        {
          "Name": "Cache-Control",
          "Value": "max-age=31536000, immutable"
        },
        {
          "Name": "Content-Length",
          "Value": "4868"
        },
        {
          "Name": "Content-Type",
          "Value": "image/svg+xml"
        },
        {
          "Name": "ETag",
          "Value": "\"A7SHRneRHbA8n9Np86I+W/0E5dB1157+bpRQTsePuyA=\""
        },
        {
          "Name": "Last-Modified",
          "Value": "Tue, 12 Nov 2024 03:35:42 GMT"
        }
      ],
      "EndpointProperties": [
        {
          "Name": "fingerprint",
          "Value": "zgagfbq42d"
        },
        {
          "Name": "integrity",
          "Value": "sha256-A7SHRneRHbA8n9Np86I+W/0E5dB1157+bpRQTsePuyA="
        },
        {
          "Name": "label",
          "Value": "images/avatars/bigSmile-14.svg"
        }
      ]
    },
    {
      "Route": "images/avatars/bigSmile-2.ilf61amny4.svg",
      "AssetFile": "images/avatars/bigSmile-2.svg",
      "Selectors": [],
      "ResponseHeaders": [
        {
          "Name": "Accept-Ranges",
          "Value": "bytes"
        },
        {
          "Name": "Cache-Control",
          "Value": "max-age=31536000, immutable"
        },
        {
          "Name": "Content-Length",
          "Value": "5429"
        },
        {
          "Name": "Content-Type",
          "Value": "image/svg+xml"
        },
        {
          "Name": "ETag",
          "Value": "\"dr0tPyZI3lc8g6/xc4yQGwCf688FNGUBJdZ/LkZAALk=\""
        },
        {
          "Name": "Last-Modified",
          "Value": "Tue, 12 Nov 2024 03:35:42 GMT"
        }
      ],
      "EndpointProperties": [
        {
          "Name": "fingerprint",
          "Value": "ilf61amny4"
        },
        {
          "Name": "integrity",
          "Value": "sha256-dr0tPyZI3lc8g6/xc4yQGwCf688FNGUBJdZ/LkZAALk="
        },
        {
          "Name": "label",
          "Value": "images/avatars/bigSmile-2.svg"
        }
      ]
    },
    {
      "Route": "images/avatars/bigSmile-2.svg",
      "AssetFile": "images/avatars/bigSmile-2.svg",
      "Selectors": [],
      "ResponseHeaders": [
        {
          "Name": "Accept-Ranges",
          "Value": "bytes"
        },
        {
          "Name": "Cache-Control",
          "Value": "max-age=3600, must-revalidate"
        },
        {
          "Name": "Content-Length",
          "Value": "5429"
        },
        {
          "Name": "Content-Type",
          "Value": "image/svg+xml"
        },
        {
          "Name": "ETag",
          "Value": "\"dr0tPyZI3lc8g6/xc4yQGwCf688FNGUBJdZ/LkZAALk=\""
        },
        {
          "Name": "Last-Modified",
          "Value": "Tue, 12 Nov 2024 03:35:42 GMT"
        }
      ],
      "EndpointProperties": [
        {
          "Name": "integrity",
          "Value": "sha256-dr0tPyZI3lc8g6/xc4yQGwCf688FNGUBJdZ/LkZAALk="
        }
      ]
    },
    {
      "Route": "images/avatars/bigSmile-3.54j7y441yp.svg",
      "AssetFile": "images/avatars/bigSmile-3.svg",
      "Selectors": [],
      "ResponseHeaders": [
        {
          "Name": "Accept-Ranges",
          "Value": "bytes"
        },
        {
          "Name": "Cache-Control",
          "Value": "max-age=31536000, immutable"
        },
        {
          "Name": "Content-Length",
          "Value": "5996"
        },
        {
          "Name": "Content-Type",
          "Value": "image/svg+xml"
        },
        {
          "Name": "ETag",
          "Value": "\"hc6XIMfq95x+NzXoBWErQRQIFKE+5tzTGfYE9u74ecs=\""
        },
        {
          "Name": "Last-Modified",
          "Value": "Tue, 12 Nov 2024 03:35:42 GMT"
        }
      ],
      "EndpointProperties": [
        {
          "Name": "fingerprint",
          "Value": "54j7y441yp"
        },
        {
          "Name": "integrity",
          "Value": "sha256-hc6XIMfq95x+NzXoBWErQRQIFKE+5tzTGfYE9u74ecs="
        },
        {
          "Name": "label",
          "Value": "images/avatars/bigSmile-3.svg"
        }
      ]
    },
    {
      "Route": "images/avatars/bigSmile-3.svg",
      "AssetFile": "images/avatars/bigSmile-3.svg",
      "Selectors": [],
      "ResponseHeaders": [
        {
          "Name": "Accept-Ranges",
          "Value": "bytes"
        },
        {
          "Name": "Cache-Control",
          "Value": "max-age=3600, must-revalidate"
        },
        {
          "Name": "Content-Length",
          "Value": "5996"
        },
        {
          "Name": "Content-Type",
          "Value": "image/svg+xml"
        },
        {
          "Name": "ETag",
          "Value": "\"hc6XIMfq95x+NzXoBWErQRQIFKE+5tzTGfYE9u74ecs=\""
        },
        {
          "Name": "Last-Modified",
          "Value": "Tue, 12 Nov 2024 03:35:42 GMT"
        }
      ],
      "EndpointProperties": [
        {
          "Name": "integrity",
          "Value": "sha256-hc6XIMfq95x+NzXoBWErQRQIFKE+5tzTGfYE9u74ecs="
        }
      ]
    },
    {
      "Route": "images/avatars/bigSmile-4.002cie49q2.svg",
      "AssetFile": "images/avatars/bigSmile-4.svg",
      "Selectors": [],
      "ResponseHeaders": [
        {
          "Name": "Accept-Ranges",
          "Value": "bytes"
        },
        {
          "Name": "Cache-Control",
          "Value": "max-age=31536000, immutable"
        },
        {
          "Name": "Content-Length",
          "Value": "5413"
        },
        {
          "Name": "Content-Type",
          "Value": "image/svg+xml"
        },
        {
          "Name": "ETag",
          "Value": "\"4KBWYBoYdnmpSEG/JFnxE9m4+SgrRQ3qJ4ZSR034ji4=\""
        },
        {
          "Name": "Last-Modified",
          "Value": "Tue, 12 Nov 2024 03:35:42 GMT"
        }
      ],
      "EndpointProperties": [
        {
          "Name": "fingerprint",
          "Value": "002cie49q2"
        },
        {
          "Name": "integrity",
          "Value": "sha256-4KBWYBoYdnmpSEG/JFnxE9m4+SgrRQ3qJ4ZSR034ji4="
        },
        {
          "Name": "label",
          "Value": "images/avatars/bigSmile-4.svg"
        }
      ]
    },
    {
      "Route": "images/avatars/bigSmile-4.svg",
      "AssetFile": "images/avatars/bigSmile-4.svg",
      "Selectors": [],
      "ResponseHeaders": [
        {
          "Name": "Accept-Ranges",
          "Value": "bytes"
        },
        {
          "Name": "Cache-Control",
          "Value": "max-age=3600, must-revalidate"
        },
        {
          "Name": "Content-Length",
          "Value": "5413"
        },
        {
          "Name": "Content-Type",
          "Value": "image/svg+xml"
        },
        {
          "Name": "ETag",
          "Value": "\"4KBWYBoYdnmpSEG/JFnxE9m4+SgrRQ3qJ4ZSR034ji4=\""
        },
        {
          "Name": "Last-Modified",
          "Value": "Tue, 12 Nov 2024 03:35:42 GMT"
        }
      ],
      "EndpointProperties": [
        {
          "Name": "integrity",
          "Value": "sha256-4KBWYBoYdnmpSEG/JFnxE9m4+SgrRQ3qJ4ZSR034ji4="
        }
      ]
    },
    {
      "Route": "images/avatars/bigSmile-5.7p0o2sbsmk.svg",
      "AssetFile": "images/avatars/bigSmile-5.svg",
      "Selectors": [],
      "ResponseHeaders": [
        {
          "Name": "Accept-Ranges",
          "Value": "bytes"
        },
        {
          "Name": "Cache-Control",
          "Value": "max-age=31536000, immutable"
        },
        {
          "Name": "Content-Length",
          "Value": "6824"
        },
        {
          "Name": "Content-Type",
          "Value": "image/svg+xml"
        },
        {
          "Name": "ETag",
          "Value": "\"dQQHbYFinAS3OVgxtF5uLdwpu0Wp0xM1BHlZoTFS1NM=\""
        },
        {
          "Name": "Last-Modified",
          "Value": "Tue, 12 Nov 2024 03:35:42 GMT"
        }
      ],
      "EndpointProperties": [
        {
          "Name": "fingerprint",
          "Value": "7p0o2sbsmk"
        },
        {
          "Name": "integrity",
          "Value": "sha256-dQQHbYFinAS3OVgxtF5uLdwpu0Wp0xM1BHlZoTFS1NM="
        },
        {
          "Name": "label",
          "Value": "images/avatars/bigSmile-5.svg"
        }
      ]
    },
    {
      "Route": "images/avatars/bigSmile-5.svg",
      "AssetFile": "images/avatars/bigSmile-5.svg",
      "Selectors": [],
      "ResponseHeaders": [
        {
          "Name": "Accept-Ranges",
          "Value": "bytes"
        },
        {
          "Name": "Cache-Control",
          "Value": "max-age=3600, must-revalidate"
        },
        {
          "Name": "Content-Length",
          "Value": "6824"
        },
        {
          "Name": "Content-Type",
          "Value": "image/svg+xml"
        },
        {
          "Name": "ETag",
          "Value": "\"dQQHbYFinAS3OVgxtF5uLdwpu0Wp0xM1BHlZoTFS1NM=\""
        },
        {
          "Name": "Last-Modified",
          "Value": "Tue, 12 Nov 2024 03:35:42 GMT"
        }
      ],
      "EndpointProperties": [
        {
          "Name": "integrity",
          "Value": "sha256-dQQHbYFinAS3OVgxtF5uLdwpu0Wp0xM1BHlZoTFS1NM="
        }
      ]
    },
    {
      "Route": "images/avatars/bigSmile-6.c7zzlmanju.svg",
      "AssetFile": "images/avatars/bigSmile-6.svg",
      "Selectors": [],
      "ResponseHeaders": [
        {
          "Name": "Accept-Ranges",
          "Value": "bytes"
        },
        {
          "Name": "Cache-Control",
          "Value": "max-age=31536000, immutable"
        },
        {
          "Name": "Content-Length",
          "Value": "14454"
        },
        {
          "Name": "Content-Type",
          "Value": "image/svg+xml"
        },
        {
          "Name": "ETag",
          "Value": "\"+EmXWEb4dGA4A2C4yRfCyeMQc1ObWAWSrMcrSzTBNVY=\""
        },
        {
          "Name": "Last-Modified",
          "Value": "Tue, 12 Nov 2024 03:35:42 GMT"
        }
      ],
      "EndpointProperties": [
        {
          "Name": "fingerprint",
          "Value": "c7zzlmanju"
        },
        {
          "Name": "integrity",
          "Value": "sha256-+EmXWEb4dGA4A2C4yRfCyeMQc1ObWAWSrMcrSzTBNVY="
        },
        {
          "Name": "label",
          "Value": "images/avatars/bigSmile-6.svg"
        }
      ]
    },
    {
      "Route": "images/avatars/bigSmile-6.svg",
      "AssetFile": "images/avatars/bigSmile-6.svg",
      "Selectors": [],
      "ResponseHeaders": [
        {
          "Name": "Accept-Ranges",
          "Value": "bytes"
        },
        {
          "Name": "Cache-Control",
          "Value": "max-age=3600, must-revalidate"
        },
        {
          "Name": "Content-Length",
          "Value": "14454"
        },
        {
          "Name": "Content-Type",
          "Value": "image/svg+xml"
        },
        {
          "Name": "ETag",
          "Value": "\"+EmXWEb4dGA4A2C4yRfCyeMQc1ObWAWSrMcrSzTBNVY=\""
        },
        {
          "Name": "Last-Modified",
          "Value": "Tue, 12 Nov 2024 03:35:42 GMT"
        }
      ],
      "EndpointProperties": [
        {
          "Name": "integrity",
          "Value": "sha256-+EmXWEb4dGA4A2C4yRfCyeMQc1ObWAWSrMcrSzTBNVY="
        }
      ]
    },
    {
      "Route": "images/avatars/bigSmile-7.puwtg6lf9s.svg",
      "AssetFile": "images/avatars/bigSmile-7.svg",
      "Selectors": [],
      "ResponseHeaders": [
        {
          "Name": "Accept-Ranges",
          "Value": "bytes"
        },
        {
          "Name": "Cache-Control",
          "Value": "max-age=31536000, immutable"
        },
        {
          "Name": "Content-Length",
          "Value": "5781"
        },
        {
          "Name": "Content-Type",
          "Value": "image/svg+xml"
        },
        {
          "Name": "ETag",
          "Value": "\"b7y1kHk2eoPu/Hymhep+A+7yS5ozRQF6CpHZeBwcSOM=\""
        },
        {
          "Name": "Last-Modified",
          "Value": "Tue, 12 Nov 2024 03:35:42 GMT"
        }
      ],
      "EndpointProperties": [
        {
          "Name": "fingerprint",
          "Value": "puwtg6lf9s"
        },
        {
          "Name": "integrity",
          "Value": "sha256-b7y1kHk2eoPu/Hymhep+A+7yS5ozRQF6CpHZeBwcSOM="
        },
        {
          "Name": "label",
          "Value": "images/avatars/bigSmile-7.svg"
        }
      ]
    },
    {
      "Route": "images/avatars/bigSmile-7.svg",
      "AssetFile": "images/avatars/bigSmile-7.svg",
      "Selectors": [],
      "ResponseHeaders": [
        {
          "Name": "Accept-Ranges",
          "Value": "bytes"
        },
        {
          "Name": "Cache-Control",
          "Value": "max-age=3600, must-revalidate"
        },
        {
          "Name": "Content-Length",
          "Value": "5781"
        },
        {
          "Name": "Content-Type",
          "Value": "image/svg+xml"
        },
        {
          "Name": "ETag",
          "Value": "\"b7y1kHk2eoPu/Hymhep+A+7yS5ozRQF6CpHZeBwcSOM=\""
        },
        {
          "Name": "Last-Modified",
          "Value": "Tue, 12 Nov 2024 03:35:42 GMT"
        }
      ],
      "EndpointProperties": [
        {
          "Name": "integrity",
          "Value": "sha256-b7y1kHk2eoPu/Hymhep+A+7yS5ozRQF6CpHZeBwcSOM="
        }
      ]
    },
    {
      "Route": "images/avatars/bigSmile-8.0f2o0v8t77.svg",
      "AssetFile": "images/avatars/bigSmile-8.svg",
      "Selectors": [],
      "ResponseHeaders": [
        {
          "Name": "Accept-Ranges",
          "Value": "bytes"
        },
        {
          "Name": "Cache-Control",
          "Value": "max-age=31536000, immutable"
        },
        {
          "Name": "Content-Length",
          "Value": "7063"
        },
        {
          "Name": "Content-Type",
          "Value": "image/svg+xml"
        },
        {
          "Name": "ETag",
          "Value": "\"PL4Toxmc7zxd9x6LLKpaa3MKZk0YNP/J9r0PDxT5Gb4=\""
        },
        {
          "Name": "Last-Modified",
          "Value": "Tue, 12 Nov 2024 03:35:42 GMT"
        }
      ],
      "EndpointProperties": [
        {
          "Name": "fingerprint",
          "Value": "0f2o0v8t77"
        },
        {
          "Name": "integrity",
          "Value": "sha256-PL4Toxmc7zxd9x6LLKpaa3MKZk0YNP/J9r0PDxT5Gb4="
        },
        {
          "Name": "label",
          "Value": "images/avatars/bigSmile-8.svg"
        }
      ]
    },
    {
      "Route": "images/avatars/bigSmile-8.svg",
      "AssetFile": "images/avatars/bigSmile-8.svg",
      "Selectors": [],
      "ResponseHeaders": [
        {
          "Name": "Accept-Ranges",
          "Value": "bytes"
        },
        {
          "Name": "Cache-Control",
          "Value": "max-age=3600, must-revalidate"
        },
        {
          "Name": "Content-Length",
          "Value": "7063"
        },
        {
          "Name": "Content-Type",
          "Value": "image/svg+xml"
        },
        {
          "Name": "ETag",
          "Value": "\"PL4Toxmc7zxd9x6LLKpaa3MKZk0YNP/J9r0PDxT5Gb4=\""
        },
        {
          "Name": "Last-Modified",
          "Value": "Tue, 12 Nov 2024 03:35:42 GMT"
        }
      ],
      "EndpointProperties": [
        {
          "Name": "integrity",
          "Value": "sha256-PL4Toxmc7zxd9x6LLKpaa3MKZk0YNP/J9r0PDxT5Gb4="
        }
      ]
    },
    {
      "Route": "images/avatars/bigSmile-9.svg",
      "AssetFile": "images/avatars/bigSmile-9.svg",
      "Selectors": [],
      "ResponseHeaders": [
        {
          "Name": "Accept-Ranges",
          "Value": "bytes"
        },
        {
          "Name": "Cache-Control",
          "Value": "max-age=3600, must-revalidate"
        },
        {
          "Name": "Content-Length",
          "Value": "6003"
        },
        {
          "Name": "Content-Type",
          "Value": "image/svg+xml"
        },
        {
          "Name": "ETag",
          "Value": "\"L1A1yOjGGVywaS8eRAaOOq6yqsmQ1ds2Vdb3KO/4YFA=\""
        },
        {
          "Name": "Last-Modified",
          "Value": "Tue, 12 Nov 2024 03:35:42 GMT"
        }
      ],
      "EndpointProperties": [
        {
          "Name": "integrity",
          "Value": "sha256-L1A1yOjGGVywaS8eRAaOOq6yqsmQ1ds2Vdb3KO/4YFA="
        }
      ]
    },
    {
      "Route": "images/avatars/bigSmile-9.t1pk8v1840.svg",
      "AssetFile": "images/avatars/bigSmile-9.svg",
      "Selectors": [],
      "ResponseHeaders": [
        {
          "Name": "Accept-Ranges",
          "Value": "bytes"
        },
        {
          "Name": "Cache-Control",
          "Value": "max-age=31536000, immutable"
        },
        {
          "Name": "Content-Length",
          "Value": "6003"
        },
        {
          "Name": "Content-Type",
          "Value": "image/svg+xml"
        },
        {
          "Name": "ETag",
          "Value": "\"L1A1yOjGGVywaS8eRAaOOq6yqsmQ1ds2Vdb3KO/4YFA=\""
        },
        {
          "Name": "Last-Modified",
          "Value": "Tue, 12 Nov 2024 03:35:42 GMT"
        }
      ],
      "EndpointProperties": [
        {
          "Name": "fingerprint",
          "Value": "t1pk8v1840"
        },
        {
          "Name": "integrity",
          "Value": "sha256-L1A1yOjGGVywaS8eRAaOOq6yqsmQ1ds2Vdb3KO/4YFA="
        },
        {
          "Name": "label",
          "Value": "images/avatars/bigSmile-9.svg"
        }
      ]
    },
    {
      "Route": "index.html",
      "AssetFile": "index.html",
      "Selectors": [],
      "ResponseHeaders": [
        {
          "Name": "Accept-Ranges",
          "Value": "bytes"
        },
        {
          "Name": "Cache-Control",
          "Value": "no-cache"
        },
        {
          "Name": "Content-Length",
          "Value": "599"
        },
        {
          "Name": "Content-Type",
          "Value": "text/html"
        },
        {
          "Name": "ETag",
          "Value": "\"MTtpFAMozvO8fRSHLf1eAilaoihtGugBd8VyhSHqGd4=\""
        },
        {
          "Name": "Last-Modified",
          "Value": "Fri, 11 Apr 2025 03:34:39 GMT"
        }
      ],
      "EndpointProperties": [
        {
          "Name": "integrity",
          "Value": "sha256-MTtpFAMozvO8fRSHLf1eAilaoihtGugBd8VyhSHqGd4="
        }
      ]
    },
    {
      "Route": "index.r93hmh2j5g.html",
      "AssetFile": "index.html",
      "Selectors": [],
      "ResponseHeaders": [
        {
          "Name": "Accept-Ranges",
          "Value": "bytes"
        },
        {
          "Name": "Cache-Control",
          "Value": "max-age=31536000, immutable"
        },
        {
          "Name": "Content-Length",
          "Value": "599"
        },
        {
          "Name": "Content-Type",
          "Value": "text/html"
        },
        {
          "Name": "ETag",
          "Value": "\"MTtpFAMozvO8fRSHLf1eAilaoihtGugBd8VyhSHqGd4=\""
        },
        {
          "Name": "Last-Modified",
          "Value": "Fri, 11 Apr 2025 03:34:39 GMT"
        }
      ],
      "EndpointProperties": [
        {
          "Name": "fingerprint",
          "Value": "r93hmh2j5g"
        },
        {
          "Name": "integrity",
          "Value": "sha256-MTtpFAMozvO8fRSHLf1eAilaoihtGugBd8VyhSHqGd4="
        },
        {
          "Name": "label",
          "Value": "index.html"
        }
      ]
    },
    {
      "Route": "initials-logo.svg",
      "AssetFile": "initials-logo.svg",
      "Selectors": [],
      "ResponseHeaders": [
        {
          "Name": "Accept-Ranges",
          "Value": "bytes"
        },
        {
          "Name": "Cache-Control",
          "Value": "max-age=3600, must-revalidate"
        },
        {
          "Name": "Content-Length",
          "Value": "1105"
        },
        {
          "Name": "Content-Type",
          "Value": "image/svg+xml"
        },
        {
          "Name": "ETag",
          "Value": "\"nUmcVtdVnFDJEB1+plYEWitc9HO+WInQ4UStbuDYaCI=\""
        },
        {
          "Name": "Last-Modified",
          "Value": "Mon, 11 Nov 2024 03:03:22 GMT"
        }
      ],
      "EndpointProperties": [
        {
          "Name": "integrity",
          "Value": "sha256-nUmcVtdVnFDJEB1+plYEWitc9HO+WInQ4UStbuDYaCI="
        }
      ]
    },
    {
      "Route": "initials-logo.vpsg5jfinp.svg",
      "AssetFile": "initials-logo.svg",
      "Selectors": [],
      "ResponseHeaders": [
        {
          "Name": "Accept-Ranges",
          "Value": "bytes"
        },
        {
          "Name": "Cache-Control",
          "Value": "max-age=31536000, immutable"
        },
        {
          "Name": "Content-Length",
          "Value": "1105"
        },
        {
          "Name": "Content-Type",
          "Value": "image/svg+xml"
        },
        {
          "Name": "ETag",
          "Value": "\"nUmcVtdVnFDJEB1+plYEWitc9HO+WInQ4UStbuDYaCI=\""
        },
        {
          "Name": "Last-Modified",
          "Value": "Mon, 11 Nov 2024 03:03:22 GMT"
        }
      ],
      "EndpointProperties": [
        {
          "Name": "fingerprint",
          "Value": "vpsg5jfinp"
        },
        {
          "Name": "integrity",
          "Value": "sha256-nUmcVtdVnFDJEB1+plYEWitc9HO+WInQ4UStbuDYaCI="
        },
        {
          "Name": "label",
          "Value": "initials-logo.svg"
        }
      ]
    },
    {
      "Route": "static/logos/23445147-5c29-41b8-b63a-7dff0ab5594e.jpg",
      "AssetFile": "static/logos/23445147-5c29-41b8-b63a-7dff0ab5594e.jpg",
      "Selectors": [],
      "ResponseHeaders": [
        {
          "Name": "Accept-Ranges",
          "Value": "bytes"
        },
        {
          "Name": "Cache-Control",
          "Value": "max-age=3600, must-revalidate"
        },
        {
          "Name": "Content-Length",
          "Value": "78179"
        },
        {
          "Name": "Content-Type",
          "Value": "image/jpeg"
        },
        {
          "Name": "ETag",
          "Value": "\"DPX00013fkSXzLC+T47X1HZc2lFdjJjuWWa1wZmLrkA=\""
        },
        {
          "Name": "Last-Modified",
          "Value": "Tue, 25 Mar 2025 02:43:55 GMT"
        }
      ],
      "EndpointProperties": [
        {
          "Name": "integrity",
          "Value": "sha256-DPX00013fkSXzLC+T47X1HZc2lFdjJjuWWa1wZmLrkA="
        }
      ]
    },
    {
      "Route": "static/logos/23445147-5c29-41b8-b63a-7dff0ab5594e.kw2xesolyz.jpg",
      "AssetFile": "static/logos/23445147-5c29-41b8-b63a-7dff0ab5594e.jpg",
      "Selectors": [],
      "ResponseHeaders": [
        {
          "Name": "Accept-Ranges",
          "Value": "bytes"
        },
        {
          "Name": "Cache-Control",
          "Value": "max-age=31536000, immutable"
        },
        {
          "Name": "Content-Length",
          "Value": "78179"
        },
        {
          "Name": "Content-Type",
          "Value": "image/jpeg"
        },
        {
          "Name": "ETag",
          "Value": "\"DPX00013fkSXzLC+T47X1HZc2lFdjJjuWWa1wZmLrkA=\""
        },
        {
          "Name": "Last-Modified",
          "Value": "Tue, 25 Mar 2025 02:43:55 GMT"
        }
      ],
      "EndpointProperties": [
        {
          "Name": "fingerprint",
          "Value": "kw2xesolyz"
        },
        {
          "Name": "integrity",
          "Value": "sha256-DPX00013fkSXzLC+T47X1HZc2lFdjJjuWWa1wZmLrkA="
        },
        {
          "Name": "label",
          "Value": "static/logos/23445147-5c29-41b8-b63a-7dff0ab5594e.jpg"
        }
      ]
    },
    {
      "Route": "static/logos/2dbb20de-e245-4d19-bb8b-8550c8e6946e.717vk2en7v.png",
      "AssetFile": "static/logos/2dbb20de-e245-4d19-bb8b-8550c8e6946e.png",
      "Selectors": [],
      "ResponseHeaders": [
        {
          "Name": "Accept-Ranges",
          "Value": "bytes"
        },
        {
          "Name": "Cache-Control",
          "Value": "max-age=31536000, immutable"
        },
        {
          "Name": "Content-Length",
          "Value": "51855"
        },
        {
          "Name": "Content-Type",
          "Value": "image/png"
        },
        {
          "Name": "ETag",
          "Value": "\"pU5286sG+t+rxncfWRKyche1QmX6K8dnDWA8TWM213c=\""
        },
        {
          "Name": "Last-Modified",
          "Value": "Thu, 27 Mar 2025 15:35:32 GMT"
        }
      ],
      "EndpointProperties": [
        {
          "Name": "fingerprint",
          "Value": "717vk2en7v"
        },
        {
          "Name": "integrity",
          "Value": "sha256-pU5286sG+t+rxncfWRKyche1QmX6K8dnDWA8TWM213c="
        },
        {
          "Name": "label",
          "Value": "static/logos/2dbb20de-e245-4d19-bb8b-8550c8e6946e.png"
        }
      ]
    },
    {
      "Route": "static/logos/2dbb20de-e245-4d19-bb8b-8550c8e6946e.png",
      "AssetFile": "static/logos/2dbb20de-e245-4d19-bb8b-8550c8e6946e.png",
      "Selectors": [],
      "ResponseHeaders": [
        {
          "Name": "Accept-Ranges",
          "Value": "bytes"
        },
        {
          "Name": "Cache-Control",
          "Value": "max-age=3600, must-revalidate"
        },
        {
          "Name": "Content-Length",
          "Value": "51855"
        },
        {
          "Name": "Content-Type",
          "Value": "image/png"
        },
        {
          "Name": "ETag",
          "Value": "\"pU5286sG+t+rxncfWRKyche1QmX6K8dnDWA8TWM213c=\""
        },
        {
          "Name": "Last-Modified",
          "Value": "Thu, 27 Mar 2025 15:35:32 GMT"
        }
      ],
      "EndpointProperties": [
        {
          "Name": "integrity",
          "Value": "sha256-pU5286sG+t+rxncfWRKyche1QmX6K8dnDWA8TWM213c="
        }
      ]
    },
    {
      "Route": "static/logos/398eefdb-37af-4ced-b2d7-68af14a4deac.jpg",
      "AssetFile": "static/logos/398eefdb-37af-4ced-b2d7-68af14a4deac.jpg",
      "Selectors": [],
      "ResponseHeaders": [
        {
          "Name": "Accept-Ranges",
          "Value": "bytes"
        },
        {
          "Name": "Cache-Control",
          "Value": "max-age=3600, must-revalidate"
        },
        {
          "Name": "Content-Length",
          "Value": "563598"
        },
        {
          "Name": "Content-Type",
          "Value": "image/jpeg"
        },
        {
          "Name": "ETag",
          "Value": "\"/Yz+GU7BXN8LhZHN2tzLR6yTwz1pVioQBhHumZY2sKk=\""
        },
        {
          "Name": "Last-Modified",
          "Value": "Thu, 27 Feb 2025 02:56:42 GMT"
        }
      ],
      "EndpointProperties": [
        {
          "Name": "integrity",
          "Value": "sha256-/Yz+GU7BXN8LhZHN2tzLR6yTwz1pVioQBhHumZY2sKk="
        }
      ]
    },
    {
      "Route": "static/logos/398eefdb-37af-4ced-b2d7-68af14a4deac.limc00djnf.jpg",
      "AssetFile": "static/logos/398eefdb-37af-4ced-b2d7-68af14a4deac.jpg",
      "Selectors": [],
      "ResponseHeaders": [
        {
          "Name": "Accept-Ranges",
          "Value": "bytes"
        },
        {
          "Name": "Cache-Control",
          "Value": "max-age=31536000, immutable"
        },
        {
          "Name": "Content-Length",
          "Value": "563598"
        },
        {
          "Name": "Content-Type",
          "Value": "image/jpeg"
        },
        {
          "Name": "ETag",
          "Value": "\"/Yz+GU7BXN8LhZHN2tzLR6yTwz1pVioQBhHumZY2sKk=\""
        },
        {
          "Name": "Last-Modified",
          "Value": "Thu, 27 Feb 2025 02:56:42 GMT"
        }
      ],
      "EndpointProperties": [
        {
          "Name": "fingerprint",
          "Value": "limc00djnf"
        },
        {
          "Name": "integrity",
          "Value": "sha256-/Yz+GU7BXN8LhZHN2tzLR6yTwz1pVioQBhHumZY2sKk="
        },
        {
          "Name": "label",
          "Value": "static/logos/398eefdb-37af-4ced-b2d7-68af14a4deac.jpg"
        }
      ]
    },
    {
      "Route": "static/logos/44f0ee7c-4401-417b-845d-4f28e75abcbb.717vk2en7v.png",
      "AssetFile": "static/logos/44f0ee7c-4401-417b-845d-4f28e75abcbb.png",
      "Selectors": [],
      "ResponseHeaders": [
        {
          "Name": "Accept-Ranges",
          "Value": "bytes"
        },
        {
          "Name": "Cache-Control",
          "Value": "max-age=31536000, immutable"
        },
        {
          "Name": "Content-Length",
          "Value": "51855"
        },
        {
          "Name": "Content-Type",
          "Value": "image/png"
        },
        {
          "Name": "ETag",
          "Value": "\"pU5286sG+t+rxncfWRKyche1QmX6K8dnDWA8TWM213c=\""
        },
        {
          "Name": "Last-Modified",
          "Value": "Thu, 27 Feb 2025 03:04:56 GMT"
        }
      ],
      "EndpointProperties": [
        {
          "Name": "fingerprint",
          "Value": "717vk2en7v"
        },
        {
          "Name": "integrity",
          "Value": "sha256-pU5286sG+t+rxncfWRKyche1QmX6K8dnDWA8TWM213c="
        },
        {
          "Name": "label",
          "Value": "static/logos/44f0ee7c-4401-417b-845d-4f28e75abcbb.png"
        }
      ]
    },
    {
      "Route": "static/logos/44f0ee7c-4401-417b-845d-4f28e75abcbb.png",
      "AssetFile": "static/logos/44f0ee7c-4401-417b-845d-4f28e75abcbb.png",
      "Selectors": [],
      "ResponseHeaders": [
        {
          "Name": "Accept-Ranges",
          "Value": "bytes"
        },
        {
          "Name": "Cache-Control",
          "Value": "max-age=3600, must-revalidate"
        },
        {
          "Name": "Content-Length",
          "Value": "51855"
        },
        {
          "Name": "Content-Type",
          "Value": "image/png"
        },
        {
          "Name": "ETag",
          "Value": "\"pU5286sG+t+rxncfWRKyche1QmX6K8dnDWA8TWM213c=\""
        },
        {
          "Name": "Last-Modified",
          "Value": "Thu, 27 Feb 2025 03:04:56 GMT"
        }
      ],
      "EndpointProperties": [
        {
          "Name": "integrity",
          "Value": "sha256-pU5286sG+t+rxncfWRKyche1QmX6K8dnDWA8TWM213c="
        }
      ]
    },
    {
      "Route": "static/logos/99ce117b-5ad2-4b16-a293-048f65c7e2d5.jpg",
      "AssetFile": "static/logos/99ce117b-5ad2-4b16-a293-048f65c7e2d5.jpg",
      "Selectors": [],
      "ResponseHeaders": [
        {
          "Name": "Accept-Ranges",
          "Value": "bytes"
        },
        {
          "Name": "Cache-Control",
          "Value": "max-age=3600, must-revalidate"
        },
        {
          "Name": "Content-Length",
          "Value": "78179"
        },
        {
          "Name": "Content-Type",
          "Value": "image/jpeg"
        },
        {
          "Name": "ETag",
          "Value": "\"DPX00013fkSXzLC+T47X1HZc2lFdjJjuWWa1wZmLrkA=\""
        },
        {
          "Name": "Last-Modified",
          "Value": "Wed, 26 Feb 2025 13:53:23 GMT"
        }
      ],
      "EndpointProperties": [
        {
          "Name": "integrity",
          "Value": "sha256-DPX00013fkSXzLC+T47X1HZc2lFdjJjuWWa1wZmLrkA="
        }
      ]
    },
    {
      "Route": "static/logos/99ce117b-5ad2-4b16-a293-048f65c7e2d5.kw2xesolyz.jpg",
      "AssetFile": "static/logos/99ce117b-5ad2-4b16-a293-048f65c7e2d5.jpg",
      "Selectors": [],
      "ResponseHeaders": [
        {
          "Name": "Accept-Ranges",
          "Value": "bytes"
        },
        {
          "Name": "Cache-Control",
          "Value": "max-age=31536000, immutable"
        },
        {
          "Name": "Content-Length",
          "Value": "78179"
        },
        {
          "Name": "Content-Type",
          "Value": "image/jpeg"
        },
        {
          "Name": "ETag",
          "Value": "\"DPX00013fkSXzLC+T47X1HZc2lFdjJjuWWa1wZmLrkA=\""
        },
        {
          "Name": "Last-Modified",
          "Value": "Wed, 26 Feb 2025 13:53:23 GMT"
        }
      ],
      "EndpointProperties": [
        {
          "Name": "fingerprint",
          "Value": "kw2xesolyz"
        },
        {
          "Name": "integrity",
          "Value": "sha256-DPX00013fkSXzLC+T47X1HZc2lFdjJjuWWa1wZmLrkA="
        },
        {
          "Name": "label",
          "Value": "static/logos/99ce117b-5ad2-4b16-a293-048f65c7e2d5.jpg"
        }
      ]
    },
    {
      "Route": "template/Formula.2t15fdn76l.xlsx",
      "AssetFile": "template/Formula.xlsx",
      "Selectors": [],
      "ResponseHeaders": [
        {
          "Name": "Accept-Ranges",
          "Value": "bytes"
        },
        {
          "Name": "Cache-Control",
          "Value": "max-age=31536000, immutable"
        },
        {
          "Name": "Content-Length",
          "Value": "68366"
        },
        {
          "Name": "Content-Type",
          "Value": "application/vnd.openxmlformats-officedocument.spreadsheetml.sheet"
        },
        {
          "Name": "ETag",
          "Value": "\"mnSpBtaqqd2j+AEIrJcayAonO17Kw8ANbz+lOm/J2wc=\""
        },
        {
          "Name": "Last-Modified",
          "Value": "Thu, 27 Mar 2025 00:26:21 GMT"
        }
      ],
      "EndpointProperties": [
        {
          "Name": "fingerprint",
          "Value": "2t15fdn76l"
        },
        {
          "Name": "integrity",
          "Value": "sha256-mnSpBtaqqd2j+AEIrJcayAonO17Kw8ANbz+lOm/J2wc="
        },
        {
          "Name": "label",
          "Value": "template/Formula.xlsx"
        }
      ]
    },
    {
      "Route": "template/Formula.xlsx",
      "AssetFile": "template/Formula.xlsx",
      "Selectors": [],
      "ResponseHeaders": [
        {
          "Name": "Accept-Ranges",
          "Value": "bytes"
        },
        {
          "Name": "Cache-Control",
          "Value": "no-cache"
        },
        {
          "Name": "Content-Length",
          "Value": "68366"
        },
        {
          "Name": "Content-Type",
          "Value": "application/vnd.openxmlformats-officedocument.spreadsheetml.sheet"
        },
        {
          "Name": "ETag",
          "Value": "\"mnSpBtaqqd2j+AEIrJcayAonO17Kw8ANbz+lOm/J2wc=\""
        },
        {
          "Name": "Last-Modified",
          "Value": "Thu, 27 Mar 2025 00:26:21 GMT"
        }
      ],
      "EndpointProperties": [
        {
          "Name": "integrity",
          "Value": "sha256-mnSpBtaqqd2j+AEIrJcayAonO17Kw8ANbz+lOm/J2wc="
        }
      ]
    },
    {
      "Route": "template/Invoice.qeh0xrcte9.xlsx",
      "AssetFile": "template/Invoice.xlsx",
      "Selectors": [],
      "ResponseHeaders": [
        {
          "Name": "Accept-Ranges",
          "Value": "bytes"
        },
        {
          "Name": "Cache-Control",
          "Value": "max-age=31536000, immutable"
        },
        {
          "Name": "Content-Length",
          "Value": "68440"
        },
        {
          "Name": "Content-Type",
          "Value": "application/vnd.openxmlformats-officedocument.spreadsheetml.sheet"
        },
        {
          "Name": "ETag",
          "Value": "\"ImWRbNVU/SJH/UMxwOHS1svcSaH0io4zwAzo+CnYhZA=\""
        },
        {
          "Name": "Last-Modified",
          "Value": "Fri, 04 Apr 2025 04:13:19 GMT"
        }
      ],
      "EndpointProperties": [
        {
          "Name": "fingerprint",
          "Value": "qeh0xrcte9"
        },
        {
          "Name": "integrity",
          "Value": "sha256-ImWRbNVU/SJH/UMxwOHS1svcSaH0io4zwAzo+CnYhZA="
        },
        {
          "Name": "label",
          "Value": "template/Invoice.xlsx"
        }
      ]
    },
    {
      "Route": "template/Invoice.xlsx",
      "AssetFile": "template/Invoice.xlsx",
      "Selectors": [],
      "ResponseHeaders": [
        {
          "Name": "Accept-Ranges",
          "Value": "bytes"
        },
        {
          "Name": "Cache-Control",
          "Value": "no-cache"
        },
        {
          "Name": "Content-Length",
          "Value": "68440"
        },
        {
          "Name": "Content-Type",
          "Value": "application/vnd.openxmlformats-officedocument.spreadsheetml.sheet"
        },
        {
          "Name": "ETag",
          "Value": "\"ImWRbNVU/SJH/UMxwOHS1svcSaH0io4zwAzo+CnYhZA=\""
        },
        {
          "Name": "Last-Modified",
          "Value": "Fri, 04 Apr 2025 04:13:19 GMT"
        }
      ],
      "EndpointProperties": [
        {
          "Name": "integrity",
          "Value": "sha256-ImWRbNVU/SJH/UMxwOHS1svcSaH0io4zwAzo+CnYhZA="
        }
      ]
    },
    {
      "Route": "template/Purchase.crnr2ovrf8.xlsx",
      "AssetFile": "template/Purchase.xlsx",
      "Selectors": [],
      "ResponseHeaders": [
        {
          "Name": "Accept-Ranges",
          "Value": "bytes"
        },
        {
          "Name": "Cache-Control",
          "Value": "max-age=31536000, immutable"
        },
        {
          "Name": "Content-Length",
          "Value": "68443"
        },
        {
          "Name": "Content-Type",
          "Value": "application/vnd.openxmlformats-officedocument.spreadsheetml.sheet"
        },
        {
          "Name": "ETag",
          "Value": "\"+PxmVa97UNXogG88mAuoCUpjFl0JkBo4Oj0IgGN6Bbc=\""
        },
        {
          "Name": "Last-Modified",
          "Value": "Fri, 04 Apr 2025 05:04:50 GMT"
        }
      ],
      "EndpointProperties": [
        {
          "Name": "fingerprint",
          "Value": "crnr2ovrf8"
        },
        {
          "Name": "integrity",
          "Value": "sha256-+PxmVa97UNXogG88mAuoCUpjFl0JkBo4Oj0IgGN6Bbc="
        },
        {
          "Name": "label",
          "Value": "template/Purchase.xlsx"
        }
      ]
    },
    {
      "Route": "template/Purchase.xlsx",
      "AssetFile": "template/Purchase.xlsx",
      "Selectors": [],
      "ResponseHeaders": [
        {
          "Name": "Accept-Ranges",
          "Value": "bytes"
        },
        {
          "Name": "Cache-Control",
          "Value": "no-cache"
        },
        {
          "Name": "Content-Length",
          "Value": "68443"
        },
        {
          "Name": "Content-Type",
          "Value": "application/vnd.openxmlformats-officedocument.spreadsheetml.sheet"
        },
        {
          "Name": "ETag",
          "Value": "\"+PxmVa97UNXogG88mAuoCUpjFl0JkBo4Oj0IgGN6Bbc=\""
        },
        {
          "Name": "Last-Modified",
          "Value": "Fri, 04 Apr 2025 05:04:50 GMT"
        }
      ],
      "EndpointProperties": [
        {
          "Name": "integrity",
          "Value": "sha256-+PxmVa97UNXogG88mAuoCUpjFl0JkBo4Oj0IgGN6Bbc="
        }
      ]
    },
    {
      "Route": "vite.69kjnsiwqx.svg",
      "AssetFile": "vite.svg",
      "Selectors": [],
      "ResponseHeaders": [
        {
          "Name": "Accept-Ranges",
          "Value": "bytes"
        },
        {
          "Name": "Cache-Control",
          "Value": "max-age=31536000, immutable"
        },
        {
          "Name": "Content-Length",
          "Value": "1497"
        },
        {
          "Name": "Content-Type",
          "Value": "image/svg+xml"
        },
        {
          "Name": "ETag",
          "Value": "\"SnSK/UQ5GLsWWRyDTEAdrjPoeGGrXbrQgRw6O0qSFPs=\""
        },
        {
          "Name": "Last-Modified",
          "Value": "Mon, 04 Nov 2024 22:43:32 GMT"
        }
      ],
      "EndpointProperties": [
        {
          "Name": "fingerprint",
          "Value": "69kjnsiwqx"
        },
        {
          "Name": "integrity",
          "Value": "sha256-SnSK/UQ5GLsWWRyDTEAdrjPoeGGrXbrQgRw6O0qSFPs="
        },
        {
          "Name": "label",
          "Value": "vite.svg"
        }
      ]
    },
    {
      "Route": "vite.svg",
      "AssetFile": "vite.svg",
      "Selectors": [],
      "ResponseHeaders": [
        {
          "Name": "Accept-Ranges",
          "Value": "bytes"
        },
        {
          "Name": "Cache-Control",
          "Value": "max-age=3600, must-revalidate"
        },
        {
          "Name": "Content-Length",
          "Value": "1497"
        },
        {
          "Name": "Content-Type",
          "Value": "image/svg+xml"
        },
        {
          "Name": "ETag",
          "Value": "\"SnSK/UQ5GLsWWRyDTEAdrjPoeGGrXbrQgRw6O0qSFPs=\""
        },
        {
          "Name": "Last-Modified",
          "Value": "Mon, 04 Nov 2024 22:43:32 GMT"
        }
      ],
      "EndpointProperties": [
        {
          "Name": "integrity",
          "Value": "sha256-SnSK/UQ5GLsWWRyDTEAdrjPoeGGrXbrQgRw6O0qSFPs="
        }
      ]
    }
  ]
}